SMILES,Label
CC1CC2C3CCC4=CC(=O)C=CC4(C)C3(F)C(O)CC2(C)C1(O)C(=O)CO,1
O=C(O)CNCP(=O)(O)O,1
CC(C=CC1=C(C)CCCC1(C)C)=CC=CC(C)=CC(=O)O,1
O=C(O)C(F)(F)C(F)(F)C(F)(F)C(F)(F)C(F)(F)C(F)(F)C(F)(F)F,1
CNC(C)Cc1ccccc1,1
CCCC(CCC)C(=O)O,1
CC(C=CC(=O)NO)=CC(C)C(=O)c1ccc(N(C)C)cc1,1
CN(N=O)C(=O)NC1C(O)OC(CO)C(O)C1O,1
CC(=O)C=O,1
O=[N+]([O-])c1cc([N+](=O)[O-])c(S(=O)(=O)O)c([N+](=O)[O-])c1,1
Cn1c(=O)c2c(ncn2C)n(C)c1=O,1
CCCCc1nc(Cl)c(CO)n1Cc1ccc(-c2ccccc2-c2nn[nH]n2)cc1,1
CC12CCC3C(=CCc4cc(OS(=O)(=O)O)ccc43)C1CCC2=O,1
N#Cc1ccc(C(c2ccc(C#N)cc2)n2cncn2)cc1,1
C=C1C(=CC=C2CCCC3(C)C2CCC3C(C)CCCC(C)(C)O)CC(O)CC1O,1
CC1CC2C(C(O)CC3(C)C2CCC3(O)C(=O)CO)C2(C)C=CC(=O)C=C12,1
CN(C)C(=S)SSC(=S)N(C)C,1
CC12C=CC(=O)C=C1CCC1C2C(O)CC2(C)C1CCC2(O)C(=O)CO,1
O=C1OC(C(O)CO)C(O)C1=O,1
Clc1cc2c(cc1Cl)Oc1cc(Cl)c(Cl)cc1O2,1
c1ccc2c(c1)cc1ccc3cccc4ccc2c1c34,1
COc1ccc2[nH]cc(CCNC(C)=O)c2c1,1
CCCc1cc(=O)[nH]c(=S)[nH]1,1
Cc1ccc(C2OC(CO)C(O)C(O)C2O)cc1Cc1ccc(-c2ccc(F)cc2)s1,1
CC(C)(c1ccc(O)cc1)c1ccc(O)cc1,1
CC(C)c1nc(CN(C)C(=O)NC(C(=O)NC(Cc2ccccc2)CC(O)C(Cc2ccccc2)NC(=O)OCc2cncs2)C(C)C)cs1,1
ClC(Cl)(Cl)Cl,1
CN(C)c1ncnc2c1ncn2C1OC(CO)C(N)C1O,1
Cc1cn(C2CC(CO)C(OP(=O)(O)OCC3OC(n4cnc5c(N)ncnc54)CC3O)O2)c(=O)[nH]c1=O,1
O=C1NC(=O)C(c2ccccc2)(c2ccccc2)N1,1
CN1CCCC1c1cccnc1,1
OC(Cn1cncn1)(Cn1cncn1)c1ccc(F)cc1F,1
CC(C=CC1=C(C)CCCC1(C)C)=CC=CC(C)=CCO,1
COc1cccc2c1C(=O)c1c(O)c3c(c(O)c1C2=O)CC(O)(C(C)=O)CC3OC1CC(N)C(O)C(C)O1,1
CCN(CC)C(=S)SSC(=S)N(CC)CC,1
O=C(O)C(F)(F)C(F)(F)C(F)(F)C(F)(F)C(F)(F)C(F)(F)C(F)(F)C(F)(F)F,1
CCN(CC)CCCC(C)Nc1ccnc2cc(Cl)ccc12,1
Cn1c(=O)c2[nH]cnc2n(C)c1=O,1
O=C1CCC(N2C(=O)c3ccccc3C2=O)C(=O)N1,1
O=S(=O)(O)C(F)(F)C(F)(F)C(F)(F)C(F)(F)C(F)(F)C(F)(F)F,1
NC(=O)C[S+]([O-])C(c1ccccc1)c1ccccc1,1
CNC1(c2ccccc2Cl)CCCCC1=O,1
CC(CS)C(=O)N1CCCC1C(=O)O,1
CCC1(c2ccccc2)C(=O)NC(=O)NC1=O,1
CC(=O)CC(c1ccccc1)c1c(O)c2ccccc2oc1=O,1
NCCc1cnc[nH]1,1
CC(C)(C)c1cc(O)ccc1O,1
O=P1(N(CCCl)CCCl)NCCCO1,1
CCC(=C(c1ccccc1)c1ccc(OCCN(C)C)cc1)c1ccccc1,1
NC(=O)N1c2ccccc2C=Cc2ccccc21,1
CCCCc1oc2ccccc2c1C(=O)c1cc(I)c(OCCN(CC)CC)c(I)c1,1
CN(Cc1cnc2nc(N)nc(N)c2n1)c1ccc(C(=O)NC(CCC(=O)O)C(=O)O)cc1,1
CC(Cn1cnc2c(N)ncnc21)OCP(=O)(O)O,1
COC(=O)C1C(OC(=O)c2ccccc2)CC2CCC1N2C,1
NS(=O)(=O)c1cc(C(=O)O)c(NCc2ccco2)cc1Cl,1
C#CC1(O)CCC2C3CCC4=CC(=O)CCC4C3CCC21C,1
CCc1cccc(CC)c1N(COC)C(=O)CCl,1
C=C(C)C1Cc2c(ccc3c2OC2COc4cc(OC)c(OC)cc4C2C3=O)O1,1
Cc1oncc1C(=O)Nc1ccc(C(F)(F)F)cc1,1
CC12C=CC(=O)C=C1CCC1C2C(=O)CC2(C)C1CCC2(O)C(=O)CO,1
C=CCC1C=C(C)CC(C)CC(OC)C2OC(O)(C(=O)C(=O)N3CCCCC3C(=O)OC(C(C)=CC3CCC(O)C(OC)C3)C(C)C(O)CC1=O)C(C)CC2OC,1
O=P(O)(O)C(O)(Cn1ccnc1)P(=O)(O)O,1
CCN(CC)N=O,1
c1cc[n+]2c(c1)-c1cccc[n+]1CC2,1
CN(C)N=O,1
CCN(CC)CCNC(=O)c1c(C)[nH]c(C=C2C(=O)Nc3ccc(F)cc32)c1C,1
N=c1nc(N2CCCCC2)cc(N)n1O,1
CCC1OC2(C(C)=O)CCC3(O1)C1CCC4=CC(=O)CCC4(C)C1CCC23C,1
C[S+](C)[O-],1
CC1CC2C3CCC4=CC(=O)C=CC4(C)C3(Cl)C(O)CC2(C)C1(O)C(=O)CO,1
C[N+](C)(C)CCCl,1
Cc1cccc(-c2nn3c(c2-c2ccnc4ccc(C(N)=O)cc24)CCC3)n1,1
CNC(=O)C=C(C)OP(=O)(OC)OC,1
Cc1nc2n(c(=O)c1CCN1CCC(c3noc4cc(F)ccc34)CC1)CCCC2,1
O=C1CCC(N2Cc3ccccc3C2=O)C(=O)N1,1
CCCOC(=O)c1ccccc1C(=O)OCCC,1
OCCO,1
CC(=O)NC1C(O)OC(CO)C(O)C1O,1
CCCCOCCOCCOCc1cc2c(cc1CCC)OCO2,1
C=C1CCC(O)CC1=CC=C1CCCC2(C)C1CCC2C(C)CCC(O)C(C)(C)O,1
CCN(CC)C(=O)c1ccc2c(c1)Oc1ccccc1C2=C1CC2CCC(C1)N2,1
CN1C(=O)CC(=O)N(c2ccccc2)c2cc(Cl)ccc21,1
CC(C)N=c1cc2n(-c3ccc(Cl)cc3)c3ccccc3nc-2cc1Nc1ccc(Cl)cc1,1
CCC1(c2ccccc2)C(=O)NCNC1=O,1
CCc1cccc(C)c1N(C(=O)CCl)C(C)COC,1
CC1CC2C3CCC4=CC(=O)C=CC4(C)C3C(=O)CC2(C)C1(O)C(=O)CO,1
COc1cc2c(cc1OC)C(=O)C(CC1CCN(Cc3ccccc3)CC1)C2,1
CC(C)CCCC(C)C1CCC2C3=C(CCC21C)C1(C)CCC(O)CC1=CC3,1
CC(C)CCCC(C)C1CCC2C3=C(CCC21C)C1(C)CCC(O)CC1CC3,1
COc1c(C)c2c(c(O)c1CC=C(C)CCC(=O)O)C(=O)OC2,1
CCCCCC(O)C=CC1C(O)CC(=O)C1CCCCCCC(=O)O,1
CC(=O)OCC12CC(OC(=O)CC(C)C)C(C)=CC1OC1C(O)C(OC(C)=O)C2(C)C12CO2,1
O=C(O)CC[N+](=O)[O-],1
CC(c1ccc(O)cc1)c1ccc(O)cc1,1
O=c1cc(-c2ccccc2)oc2ccc3ccccc3c12,1
CCOP(=S)(OCC)Oc1nc(Cl)c(Cl)cc1Cl,1
COc1ccc2c(c1)C13CCCCC1C(C2)N(C)CC3,1
CCC(CC)Nc1c([N+](=O)[O-])cc(C)c(C)c1[N+](=O)[O-],1
CC(C)=CCN1CCC2(C)c3cc(O)ccc3CC1C2C,1
COC(=O)CCNC(=O)C(C)Sc1cc(-n2c(=O)cc(C(F)(F)F)n(C)c2=O)c(F)cc1Cl,1
ClCC(Br)CBr,1
CCC1CO1,1
ClCC=CCCl,1
C1COCCO1,1
CC(C)=CCl,1
C=C(Cl)C(Cl)CCl,1
OCC(Br)CBr,1
Cc1cccc(C)c1N,1
Cc1cc(C)cc(N)c1,1
CN(CCC=O)N=O,1
CN(CCCC(=O)c1cccnc1)N=O,1
CCN=[N+]([O-])CC,1
ClCOCCl,1
CCCCOCN(C(=O)CCl)c1c(CC)cccc1CC,1
COc1ccc(C)cc1N,1
CC(O)CN(CC(C)O)N=O,1
Cc1ccc(N(C)C)cc1,1
CN(C)C(=O)Cl,1
ClCC1CO1,1
BrCCBr,1
C=O,1
CN(C)P(=O)(N(C)C)N(C)C,1
CC(I)C1OCC(CO)O1,1
CCN(C)N=O,1
c1ccc2ccccc2c1,1
O=NN1CCCC1c1cccnc1,1
CNNCc1ccc(C(=O)NC(C)C)cc1,1
CC(Cl)CCl,1
CC1CO1,1
C=COC(C)=O,1
CN1C(=O)CN=C(c2ccccc2)c2cc(Cl)ccc21,1
CCCCC(CC)COC(=O)CC(C(=O)OCC(CC)CCCC)S(=O)(=O)O,1
CCCCCC(O)C=CC1C(O)CC(=O)C1CC=CCCCC(=O)O,1
NC(=NCCCCCCN=C(N)N=C(N)Nc1ccc(Cl)cc1)N=C(N)Nc1ccc(Cl)cc1,1
CC(C)(C)C(=O)OCOP(=O)(COCCn1cnc2c(N)ncnc21)OCOC(=O)C(C)(C)C,1
O=P1(NCCCl)OCCCN1CCCl,1
O=C(O)Cc1ccccc1Nc1c(Cl)cccc1Cl,1
CC(C)Cc1ccc(C(C)C(=O)O)cc1,1
Cc1ccc(NC(=O)c2ccc(CN3CCN(C)CC3)cc2)cc1Nc1nccc(-c2cccnc2)n1,1
NCCC(O)(P(=O)(O)O)P(=O)(O)O,1
Nc1c(O)cccc1C(=O)O,1
Nc1ccccc1C(=O)O,1
O=CNc1nc(-c2ccc([N+](=O)[O-])o2)cs1,1
Oc1ccc(C(=C(Cl)Cl)c2ccc(O)cc2)cc1,1
BrCC(Br)Cc1c(Br)cc(Br)c(Oc2c(Br)cc(Br)c(CC(Br)CBr)c2Br)c1Br,1
NCC(CC(=O)O)c1ccc(Cl)cc1,1
CC1COC2=C1C(=O)C(=O)c1c2ccc2c1CCCC2(C)C,1
[O-2],1
OCC1OC(O)C(O)C(O)C1O,1
O=C(C=Cc1ccc(O)cc1)c1ccc(O)cc1O,1
Brc1ccc(Oc2ccc(Br)cc2Br)c(Br)c1,1
N#Cc1c(-c2ccc(Cl)cc2)[nH]c(C(F)(F)F)c1Br,1
O=C1Cc2c([nH]c3ccc(Br)cc23)-c2ccccc2N1,1
CON(C)C(=O)Nc1ccc(Cl)c(Cl)c1,1
CC(C)(c1cc(Br)c(O)c(Br)c1)c1cc(Br)c(O)c(Br)c1,1
O=[N+]([O-])N1CN([N+](=O)[O-])CN([N+](=O)[O-])C1,1
Nc1ccn(C2OC(CO)C(O)C2O)c(=O)n1,1
CC(=O)OCC(=O)C1(O)CCC2C3CC(C)C4=CC(=O)C=CC4(C)C3C(O)CC21C,1
CC12C=CC(=O)C=C1CCC1C3CC(O)C(O)(C(=O)CO)C3(C)CC(O)C12F,1
COCC(=O)O,1
CN(C)CCC=C1c2ccccc2C=Cc2ccccc21,1
C=C1C(CO)C(O)CC1n1cnc2c(=O)[nH]c(N)nc21,1
COc1cccc(C2(O)CCCCC2CN(C)C)c1,1
NC(=O)C(c1ccccc1)(c1ccccc1)C1CCN(CCc2ccc3c(c2)CCO3)C1,1
O=C1CCc2ccc(OCCCCN3CCN(c4cccc(Cl)c4Cl)CC3)cc2N1,1
Cc1ccc(O)c(C(CCN(C(C)C)C(C)C)c2ccccc2)c1,1
CC(C)C(N)C(=O)OCCOCn1cnc2c(=O)[nH]c(N)nc21,1
Nc1ccc(S(=O)(=O)c2ccc(N)cc2)cc1,1
Clc1ccc2nsnc2c1NC1=NCCN1,1
CC1CCN(C(=O)CC#N)CC1N(C)c1ncnc2[nH]ccc12,1
CN=C(NC#N)NCCSCc1nc[nH]c1C,1
CC(=O)OC1Cc2ccccc2N(C(N)=O)c2ccccc21,1
Nc1ccn(C2OC(CO)C(O)C2(F)F)c(=O)n1,1
CC(C)(O)c1ccccc1CCC(SCC1(CC(=O)O)CC1)c1cccc(C=Cc2ccc3ccc(Cl)cc3n2)c1,1
CCCCCOC(=O)Nc1nc(=O)n(C2OC(C)C(O)C2O)cc1F,1
Cc1cc(C=CC#N)cc(C)c1Nc1ccnc(Nc2ccc(C#N)cc2)n1,1
O=C(O)c1ccccc1C(=O)Nc1ccc(S(=O)(=O)Nc2nccs2)cc1,1
COCCNC(=O)CN(CCN(CCN(CC(=O)O)CC(=O)NCCOC)CC(=O)O)CC(=O)O,1
CCCC1OC2CC3C4CCC5=CC(=O)C=CC5(C)C4C(O)CC3(C)C2(C(=O)CO)O1,1
CC1(C)OC2COC3(COS(N)(=O)=O)OC(C)(C)OC3C2O1,1
Oc1ccc(CC2NCCc3cc(O)c(O)cc32)cc1,1
CC(=O)Oc1ccccc1C(=O)O,1
CC(=O)NC(Cc1ccc2ccccc2c1)C(=O)NC(Cc1ccc(Cl)cc1)C(=O)NC(Cc1cccnc1)C(=O)NC(CO)C(=O)NC(Cc1ccc(NC(=O)C2CC(=O)NC(=O)N2)cc1)C(=O)NC(Cc1ccc(NC(N)=O)cc1)C(=O)NC(CC(C)C)C(=O)NC(CCCCNC(C)C)C(=O)N1CCCC1C(=O)NC(C)C(N)=O,1
CCCC1(CCc2ccccc2)CC(=O)C(C(CC)c2cccc(NS(=O)(=O)c3ccc(C(F)(F)F)cn3)c2)C(=O)O1,1
CC1CC2C3CC(F)C4=CC(=O)C=CC4(C)C3(F)C(O)CC2(C)C1(OC(=O)c1ccco1)C(=O)SCF,1
Cn1c(CCCC(=O)O)nc2cc(N(CCCl)CCCl)ccc21,1
C[N+]1(C)C2CC(OC(=O)C(O)(c3cccs3)c3cccs3)CC1C1OC12,1
CCN(CC)CCOC(=O)C1(C2CCCCC2)CCCCC1,1
C#CC1(OC(C)=O)CCC2C3CCC4=CC(=O)CCC4C3CCC21C,1
O=C(O)COCCN1CCN(C(c2ccccc2)c2ccc(Cl)cc2)CC1,1
CNC(=C[N+](=O)[O-])NCCSCc1csc(CN(C)C)n1,1
CC12CC3CC(C)(C1)CC(N)(C3)C2,1
CCN(CC)CC(=O)Nc1c(C)cccc1C,1
CC1(C)OC2CC3C4CCC5=CC(=O)C=CC5(C)C4(F)C(O)CC3(C)C2(C(=O)CO)O1,1
COC1=C(OC)C(=O)C(CC=C(C)CCC=C(C)CCC=C(C)CCC=C(C)CCC=C(C)CCC=C(C)CCC=C(C)CCC=C(C)CCC=C(C)CCC=C(C)C)=C(C)C1=O,1
COc1ccc(C2Sc3ccccc3N(CCN(C)C)C(=O)C2OC(C)=O)cc1,1
CC12CCC(=O)C=C1CCC1C2C(O)CC2(C)C1CCC2(O)C(=O)CO,1
CCCC(=O)OC1(C(=O)CCl)C(C)CC2C3CCC4=CC(=O)C=CC4(C)C3(F)C(=O)CC21C,1
COc1ccnc(C[S+]([O-])c2nc3cc(OC(F)F)ccc3[nH]2)c1OC,1
Nc1ccn(C2CCC(CO)O2)c(=O)n1,1
Nc1nc2ncc(CNc3ccc(C(=O)NC(CCC(=O)O)C(=O)O)cc3)nc2c(=O)[nH]1,1
CC(=O)NC1C(O)OC(COS(=O)(=O)O)C(OC2OC(C(=O)O)C(OC3OC(CO)C(OC4OC(C(=O)O)C(O)C(O)C4OS(=O)(=O)O)C(OS(=O)(=O)O)C3NS(=O)(=O)O)C(O)C2OS(=O)(=O)O)C1O,1
CC1CCOC2Cn3cc(C(=O)NCc4ccc(F)cc4F)c(=O)c(O)c3C(=O)N12,1
Cc1cccc(C)c1OCC(=O)NC(Cc1ccccc1)C(O)CC(Cc1ccccc1)NC(=O)C(C(C)C)N1CCCNC1=O,1
CC(C)(S)C(=O)NC(CS)C(=O)O,1
Cc1cn(C2CC(N=[N+]=[N-])C(CO)O2)c(=O)[nH]c1=O,1
OCc1cc(C(O)CNCCCCCCOCCCCc2ccccc2)ccc1O,1
CC12CCC(=O)C=C1CCC1C2CCC2(C)C(O)CCC12,1
CCC(=O)OCC(=O)C1(OC(=O)CC)C(C)CC2C3CCC4=CC(=O)C=CC4(C)C3(Cl)C(O)CC21C,1
COC12C(COC(N)=O)C3=C(C(=O)C(C)=C(N)C3=O)N1CC1NC12,1
Nc1cccc2c1CN(C1CCC(=O)NC1=O)C2=O,1
CC(=O)C1CCC2C3CCC4=CC(=O)CCC4(C)C3CCC12C,1
CC12CCC(=O)C=C1CCC1C2C(=O)CC2(C)C1CCC2(O)C(=O)CO,1
CC(N)(Cc1ccc(O)c(O)c1)C(=O)O,1
CC(=O)NC1C(O)OC(CO)C(O)C1OC1OC(C(=O)O)=CC(O)C1O,1
CCC(C)C(NC(=O)CN)C(=O)NC(C(=O)NC(CCC(=O)O)C(=O)NC(CCC(N)=O)C(=O)NC1CSSCC2NC(=O)C(C(C)CC)NC(=O)C(CO)NC(=O)C(C(C)O)NC(=O)C(CSSCC(NC(=O)C(CC(C)C)NC(=O)C(Cc3c[nH]cn3)NC(=O)C(CCC(N)=O)NC(=O)C(CC(N)=O)NC(=O)C(NC(=O)C(N)Cc3ccccc3)C(C)C)C(=O)NCC(=O)NC(CO)C(=O)NC(Cc3c[nH]cn3)C(=O)NC(CC(C)C)C(=O)NC(C(C)C)C(=O)NC(CCC(=O)O)C(=O)NC(C)C(=O)NC(CC(C)C)C(=O)NC(Cc3ccc(O)cc3)C(=O)NC(CC(C)C)C(=O)NC(C(C)C)C(=O)NC(C(=O)NCC(=O)NC(CCC(=O)O)C(=O)NC(CCCNC(=N)N)C(=O)NCC(=O)NC(Cc3ccccc3)C(=O)NC(Cc3ccccc3)C(=O)NC(Cc3ccc(O)cc3)C(=O)NC(C(=O)N3CCCC3C(=O)NC(CCCCN)C(=O)NC(C(=O)O)C(C)O)C(C)O)CSSCC(C(=O)NC(CC(N)=O)C(=O)O)NC(=O)C(Cc3ccc(O)cc3)NC(=O)C(CC(N)=O)NC(=O)C(CCC(=O)O)NC(=O)C(CC(C)C)NC(=O)C(CCC(N)=O)NC(=O)C(Cc3ccc(O)cc3)NC(=O)C(CC(C)C)NC(=O)C(CO)NC2=O)NC1=O)C(C)C,1
CCC(=O)OC(Cc1ccccc1)(c1ccccc1)C(C)CN(C)C,1
C#CCNC1CCc2ccccc21,1
O=C(OCCN1CCOCC1)c1cccnc1Nc1cccc(C(F)(F)F)c1,1
CCC(=O)C(CC(C)N1CCCCC1)(c1ccccc1)c1ccccc1,1
Nc1ccc(O)c(C(=O)O)c1,1
CCOC(=O)C(CCc1ccccc1)NC(C)C(=O)N1Cc2ccccc2CC1C(=O)O,1
CNCCc1ccccn1,1
Cc1c(OCC(F)(F)F)ccnc1C[S+]([O-])c1nc2ccccc2[nH]1,1
O=c1[nH]cnc2c1ncn2C1CCC(CO)O1,1
CC(C)OC(=O)C(C)(C)Oc1ccc(C(=O)c2ccc(Cl)cc2)cc1,1
Nc1nc(=O)n(C2CSC(CO)O2)cc1F,1
CC(Oc1ccccc1)C(=O)NC1C(=O)N2C1SC(C)(C)C2C(=O)O,1
CCOC(=O)C(CCc1ccccc1)NC(C)C(=O)N1C(C(=O)O)CC2CCCC21,1
CC(C)(C)NCC(O)c1ccc(O)c(CO)c1,1
Nc1nnc(-c2cccc(Cl)c2Cl)c(N)n1,1
CC(=O)OC1(C(C)=O)CCC2C3C=C(Cl)C4=CC(=O)C5CC5C4(C)C3CCC21C,1
NCCCCC(NC(CCc1ccccc1)C(=O)O)C(=O)N1CCCC1C(=O)O,1
CS(=O)(=O)OCCCCOS(C)(=O)=O,1
COc1cc(C(=O)NS(=O)(=O)c2ccccc2C)ccc1Cc1cn(C)c2ccc(NC(=O)OC3CCCC3)cc12,1
CCC=CCC=CCC=CCC=CCC=CCCCC(=O)O,1
Cc1nnc2n1-c1ccc(Cl)cc1C(c1ccccc1)=NC2,1
CCCCC(C)(O)CC=CC1C(O)CC(=O)C1CCCCCCC(=O)OC,1
CCC1C(=O)OCC1Cc1cncn1C,1
NCCCCC1NC(=O)C(Cc2c[nH]c3ccccc23)NC(=O)C(c2ccccc2)NC(=O)C2CC(OC(=O)NCCN)CN2C(=O)C(Cc2ccccc2)NC(=O)C(Cc2ccc(OCc3ccccc3)cc2)NC1=O,1
COc1ccc2cc(C(C)C(=O)O)ccc2c1,1
C=CCN1CC(C(=O)N(CCCN(C)C)C(=O)NCC)CC2c3cccc4[nH]cc(c34)CC21,1
C=CC1=C(C(=O)O)N2C(=O)C(NC(=O)C(=NOCC(=O)O)c3csc(N)n3)C2SC1,1
CN(C)C(=O)Oc1ccc[n+](C)c1,1
CCC(=O)OC1(C(=O)SCF)C(C)CC2C3CC(F)C4=CC(=O)C=CC4(C)C3(F)C(O)CC21C,1
COC(=O)C1=C(C)NC(C)=C(C(=O)OC)C1c1ccccc1[N+](=O)[O-],1
CC(C)[N+]1(C)C2CCC1CC(OC(=O)C(CO)c1ccccc1)C2,1
CCCC(C)(COC(N)=O)COC(=O)NC(C)C,1
CC(C)c1nc(CN(C)C(=O)NC(CCN2CCOCC2)C(=O)NC(CCC(Cc2ccccc2)NC(=O)OCc2cncs2)Cc2ccccc2)cs1,1
CC1CC2C3CCC4=CC(=O)C=CC4(C)C3(Cl)C(O)CC2(C)C1(OC(=O)c1ccco1)C(=O)CCl,1
CCOC(=O)C(CCc1ccccc1)NC1CCc2ccccc2N(CC(=O)O)C1=O,1
CCOC(=O)N1CCC(=C2c3ccc(Cl)cc3CCc3cccnc32)CC1,1
CC(C)NCC(O)COc1ccc(CC(N)=O)cc1,1
Brc1c(NC2=NCCN2)ccc2nccnc12,1
CCOC(=O)C1=C(C)NC(C)=C(C(=O)OC)C1c1cccc(Cl)c1Cl,1
O=P(O)(O)C(O)(Cc1cnc2ccccn12)P(=O)(O)O,1
CCN(CC)CC#CCOC(=O)C(O)(c1ccccc1)C1CCCCC1,1
COc1cccc(-c2c(C)n(Cc3c(F)cccc3C(F)(F)F)c(=O)n(CC(NCCCC(=O)O)c3ccccc3)c2=O)c1F,1
c1cnc2cc3c(cc2n1)C1CNCC3C1,1
NC(Cc1cc(I)c(Oc2cc(I)c(O)c(I)c2)c(I)c1)C(=O)O,1
Cc1cc(NS(=O)(=O)c2ccc(N)cc2)no1,1
Nc1nc2c(ncn2COCCO)c(=O)[nH]1,1
NS(=O)(=O)c1cc2c(cc1Cl)NCNS2(=O)=O,1
CC(=O)OCC(=O)C12N=C(C)OC1CC1C3CCC4=CC(=O)C=CC4(C)C3C(O)CC12C,1
CC12CCC(=O)C=C1CCC1C2C(O)CC2(C)C1CCC2(O)C(=O)COC(=O)CCC1CCCC1,1
CC(C)NCC(O)COc1cccc2ccccc12,1
Cc1cn(C2C=CC(CO)O2)c(=O)[nH]c1=O,1
CC(=O)N1CCN(c2ccc(OCC3COC(Cn4ccnc4)(c4ccc(Cl)cc4Cl)O3)cc2)CC1,1
CC(=O)OC1(C(C)=O)CCC2C3CC(C)C4=CC(=O)CCC4(C)C3CCC21C,1
CCN(C)C(=O)Oc1cccc(C(C)N(C)C)c1,1
CCC1OC(=O)C(C)C(OC2CC(C)(OC)C(O)C(C)O2)C(C)C(OC2OC(C)CC(N(C)C)C2O)C(C)(OC)CC(C)C(=O)C(C)C(O)C1(C)O,1
CC(C)OC(=O)OCOP(=O)(COC(C)Cn1cnc2c(N)ncnc21)OCOC(=O)OC(C)C,1
C=C1CC2C(CCC3(C)C(=O)CCC23)C2(C)C=CC(=O)C=C12,1
O=C1Nc2ccc(Cl)cc2C(c2ccccc2)=NC1O,1
NC(N)=Nc1nc(CSCCC(N)=NS(N)(=O)=O)cs1,1
C[N+](C)(C)CC(O)CC(=O)[O-],1
CC12CCC3c4ccc(O)cc4CCC3C1CCC2O,1
CC(=O)Nc1ccc(O)cc1,1
O=C(c1ccc(OCCN2CCCCC2)cc1)c1c(-c2ccc(O)cc2)sc2cc(O)ccc12,1
O=C(O)c1cc(N=Nc2ccc(S(=O)(=O)Nc3ccccn3)cc2)ccc1O,1
COC(=O)NC(C(=O)NC(Cc1ccccc1)C(O)CN(Cc1ccc(-c2ccccn2)cc1)NC(=O)C(NC(=O)OC)C(C)(C)C)C(C)(C)C,1
O=C(O)C1(C(=O)O)CCC1,1
CC(=O)OCC(=O)C1(O)CCC2C3CCC4=CC(=O)CCC4(C)C3(F)C(O)CC21C,1
CN(C)CCOC(c1ccccc1)c1ccccc1,1
CC1(C)SC2C(NC(=O)COc3ccccc3)C(=O)N2C1C(=O)O,1
COc1cc(C2c3cc4c(cc3C(OC3OC5COC(C)OC5C(O)C3O)C3COC(=O)C23)OCO4)cc(OC)c1O,1
O=O,1
CCCCc1nc(Cl)c(CO)n1Cc1ccc(-c2ccccc2-c2nnn[nH]2)cc1,1
CC(=O)Nc1nnc(S(N)(=O)=O)s1,1
CCC(C)C(NC(=O)C(CCC(=O)O)NC(=O)C(CO)NC(=O)C(NC(=O)C(N)CO)C(C)C)C(=O)NC(CCC(N)=O)C(=O)NC(CC(C)C)C(=O)NC(CCSC)C(=O)NC(Cc1c[nH]cn1)C(=O)NC(CC(N)=O)C(=O)NC(CC(C)C)C(=O)NCC(=O)NC(CCCCN)C(=O)NC(Cc1c[nH]cn1)C(=O)NC(CC(C)C)C(=O)NC(CC(N)=O)C(=O)NC(CO)C(=O)NC(CCSC)C(=O)NC(CCC(=O)O)C(=O)NC(CCCNC(=N)N)C(=O)NC(C(=O)NC(CCC(=O)O)C(=O)NC(Cc1c[nH]c2ccccc12)C(=O)NC(CC(C)C)C(=O)NC(CCCNC(=N)N)C(=O)NC(CCCCN)C(=O)NC(CCCCN)C(=O)NC(CC(C)C)C(=O)NC(CCC(N)=O)C(=O)NC(CC(=O)O)C(=O)NC(C(=O)NC(Cc1c[nH]cn1)C(=O)NC(CC(N)=O)C(=O)NC(Cc1ccccc1)C(=O)O)C(C)C)C(C)C,1
Cn1c(CNc2ccc(C(=N)N)cc2)nc2cc(C(=O)N(CCC(=O)O)c3ccccn3)ccc21,1
OCC1OC(OC2OC(CO)C(O)C(O)C2O)C(O)C(O)C1O,1
Nc1nc(CC(=O)Nc2ccc(CCNCC(O)c3ccccc3)cc2)cs1,1
O=C(O)CCc1nc(-c2ccccc2)c(-c2ccccc2)o1,1
O=c1[nH]c2cc(Cl)ccc2o1,1
Cc1c(O)cccc1C(=O)NC(CSc1ccccc1)C(O)CN1CC2CCCCC2CC1C(=O)NC(C)(C)C,1
CC1CC2C(C(O)CC3(C)C2CCC3(O)C(=O)COC(=O)CCC(=O)O)C2(C)C=CC(=O)C=C12,1
CC(C=CC=C(C)C=CC1=C(C)CC(O)CC1(C)C)=CC=CC=C(C)C=CC=C(C)C=CC1C(C)=CC(O)CC1(C)C,1
O=C1Nc2ccc(Cl)cc2C(C#CC2CC2)(C(F)(F)F)O1,1
COc1ccccc1OCC(O)COC(N)=O,1
CN1C2CCC1CC(OC(=O)C(CO)c1ccccc1)C2,1
O=C(O)CC(O)CC(O)C=Cc1c(C2CC2)nc2ccccc2c1-c1ccc(F)cc1,1
CC12CCC(=O)C=C1CCC1C2CCC2(C)C1CCC2(C)O,1
CCC(C)n1ncn(-c2ccc(N3CCN(c4ccc(OCC5COC(Cn6cncn6)(c6ccc(Cl)cc6Cl)O5)cc4)CC3)cc2)c1=O,1
CS(=O)(=O)OCC(O)C(O)COS(C)(=O)=O,1
NCCCC(O)(P(=O)(O)O)P(=O)(O)O,1
Cc1c(C)c2c(c(C)c1O)CCC(C)(CCCC(C)CCCC(C)CCCC(C)C)O2,1
c1ccc2[nH]c(-c3cscn3)nc2c1,1
CC(C(=O)O)c1ccc(CC2CCCC2=O)cc1,1
CC1COc2c(N3CCN(C)CC3)c(F)cc3c(=O)c(C(=O)O)cn1c23,1
COCCCOc1ccnc(C[S+]([O-])c2nc3ccccc3[nH]2)c1C,1
CCC(C(N)=O)N1CCCC1=O,1
Cc1ccc(S(=O)(=O)NC(=O)NN2CC3CCCC3C2)cc1,1
NNc1nncc2ccccc12,1
Cc1cnc(NC(=O)C2C(=O)c3ccccc3S(=O)(=O)N2C)s1,1
CCN(CCO)CCCC(C)Nc1ccnc2cc(Cl)ccc12,1
CC(Nc1cc(=O)n(C(C)C)c(=O)[nH]1)c1ccccc1,1
COc1ccc2nc([S+]([O-])Cc3ncc(C)c(OC)c3C)[nH]c2c1,1
CC(C)C(=O)OCC(=O)C12OC(C3CCCCC3)OC1CC1C3CCC4=CC(=O)C=CC4(C)C3C(O)CC12C,1
Cn1cnc([N+](=O)[O-])c1Sc1ncnc2nc[nH]c12,1
Cc1ncc2n1-c1ccc(Cl)cc1C(c1ccccc1F)=NC2,1
CCC(=O)N(c1ccccc1)C1CCN(CCc2ccccc2)CC1,1
CC(C)CC(NC(=O)C(CCCCN)NC(=O)CNC(=O)C(CC(C)C)NC(=O)C(NC(=O)C1CSSCC(N)C(=O)NC(CO)C(=O)NC(CC(N)=O)C(=O)NC(CC(C)C)C(=O)NC(CO)C(=O)NC(C(C)O)C(=O)N1)C(C)C)C(=O)NC(CO)C(=O)NC(CCC(N)=O)C(=O)NC(CCC(=O)O)C(=O)NC(CC(C)C)C(=O)NC(Cc1c[nH]cn1)C(=O)NC(CCCCN)C(=O)NC(CC(C)C)C(=O)NC(CCC(N)=O)C(=O)NC(C(=O)NC(Cc1ccc(O)cc1)C(=O)N1CCCC1C(=O)NC(CCCNC(=N)N)C(=O)NC(C(=O)NC(CC(N)=O)C(=O)NC(C(=O)NCC(=O)NC(CO)C(=O)NCC(=O)NC(C(=O)N1CCCC1C(N)=O)C(C)O)C(C)O)C(C)O)C(C)O,1
CC(C)NCC(O)COc1ccc(COCCOC(C)C)cc1,1
COc1ccc2cc(CCC(C)=O)ccc2c1,1
CC(=CC(=O)OCCCCCCCCC(=O)O)CC1OCC(CC2OC2C(C)C(C)O)C(O)C1O,1
CCCCC(=O)N(Cc1ccc(-c2ccccc2-c2nn[nH]n2)cc1)C(C(=O)O)C(C)C,1
CC(C)(C)NC(=O)C1CCC2C3CCC4NC(=O)C=CC4(C)C3CCC12C,1
Cn1c(Cn2ccc(C(F)(F)F)c(Oc3cc(Cl)cc(C#N)c3)c2=O)n[nH]c1=O,1
Cc1cccc(C)c1NC(=O)c1cc(S(N)(=O)=O)c(Cl)cc1O,1
CN(C)CCOc1ccc(C(=C(CCCl)c2ccccc2)c2ccccc2)cc1,1
CCCCCc1cc(O)c2c(c1)OC(C)(C)C1CCC(C)=CC21,1
CC12CCC3c4ccc(O)cc4CC(CCCCCCCCC[S+]([O-])CCCC(F)(F)C(F)(F)F)C3C1CCC2O,1
CC1CC2C3CCC4=CC(=O)C=CC4(C)C3(F)C(O)CC2(C)C1C(=O)CO,1
CCCCNc1ccc(C(=O)OCCOCCOCCOCCOCCOCCOCCOCCOCCOC)cc1,1
CNCCC(Oc1cccc2ccccc12)c1cccs1,1
O=P(O)(O)C(O)(Cc1cccnc1)P(=O)(O)O,1
Cc1cccc(CN2CCN(C(c3ccccc3)c3ccc(Cl)cc3)CC2)c1,1
COCCc1ccc(OCC(O)CNC(C)C)cc1,1
CSCCC(NC(=O)C(CO)NC(=O)C(Cc1ccc(O)cc1)NC(=O)C(N)CO)C(=O)NC(CCC(=O)O)C(=O)NC(Cc1c[nH]cn1)C(=O)NC(Cc1ccccc1)C(=O)NC(CCCNC(=N)N)C(=O)NC(Cc1c[nH]c2ccccc12)C(=O)NCC(=O)NC(CCCCN)C(=O)N1CCCC1C(=O)NC(C(=O)NCC(=O)NC(CCCCN)C(=O)NC(CCCCN)C(=O)NC(CCCNC(=N)N)C(=O)NC(CCCNC(=N)N)C(=O)N1CCCC1C(=O)NC(C(=O)NC(CCCCN)C(=O)NC(C(=O)NC(Cc1ccc(O)cc1)C(=O)N1CCCC1C(=O)O)C(C)C)C(C)C)C(C)C,1
CC=CCC(C)C(O)C1C(=O)NC(CC)C(=O)N(C)CC(=O)N(C)C(CC(C)C)C(=O)NC(C(C)C)C(=O)N(C)C(CC(C)C)C(=O)NC(C)C(=O)NC(C)C(=O)N(C)C(CC(C)C)C(=O)N(C)C(CC(C)C)C(=O)N(C)C(C(C)C)C(=O)N1C,1
CN(C)CCC=C1c2ccccc2COc2ccccc21,1
COc1ccc(C(CN(C)C)C2(O)CCCCC2)cc1,1
CNCC(O)c1ccc(O)c(O)c1,1
Fc1ccc(C2CCNCC2COc2ccc3c(c2)OCO3)cc1,1
Nc1ccn(C2CSC(CO)O2)c(=O)n1,1
CCCCCCCCCCCCCCCC(=O)NCCO,1
Nc1nc(NC2CC2)c2ncn(C3C=CC(CO)C3)c2n1,1
CCCCCC(O)C=CC1C(O)CC2OC(=CCCCC(=O)O)CC21,1
CCCc1nc(C(C)(C)O)c(C(=O)OCc2oc(=O)oc2C)n1Cc1ccc(-c2ccccc2-c2nn[nH]n2)cc1,1
CCOC(=O)C1=C(COCCN)NC(C)=C(C(=O)OC)C1c1ccccc1Cl,1
CNCCC(Oc1ccc(C(F)(F)F)cc1)c1ccccc1,1
CCC=CCC=CCC=CCC=CCC=CCC=CCCC(=O)O,1
CC(=O)Oc1ccc(C(c2ccc(OC(C)=O)cc2)c2ccccn2)cc1,1
CCOC(=O)C(CCc1ccccc1)NC(C)C(=O)N1CCCC1C(=O)O,1
CCC1(O)CC2CN(CCc3c([nH]c4ccccc34)C(C(=O)OC)(c3cc4c(cc3OC)N(C=O)C3C(O)(C(=O)OC)C(OC(C)=O)C5(CC)C=CCN6CCC43C65)C2)C1,1
CCCC(C)C1(CC)C(=O)NC(=O)NC1=O,1
NS(=O)(=O)c1cc(C2(O)NC(=O)c3ccccc32)ccc1Cl,1
CCCC(NC(C)C(=O)N1C(C(=O)O)CC2CCCCC21)C(=O)OCC,1
CCC1=CC2CN(C1)Cc1c([nH]c3ccccc13)C(C(=O)OC)(c1cc3c(cc1OC)N(C)C1C(O)(C(=O)OC)C(OC(C)=O)C4(CC)C=CCN5CCC31C54)C2,1
CC(C)CC(NC(=O)C(CCCCN)NC(=O)CNC(=O)C(CC(C)C)NC(=O)C(NC(=O)C1CSSCC(N)C(=O)NC(CO)C(=O)NC(CC(N)=O)C(=O)NC(CC(C)C)C(=O)NC(CO)C(=O)NC(C(C)O)C(=O)N1)C(C)C)C(=O)NC(CO)C(=O)NC(CCC(N)=O)C(=O)NC(CCC(=O)O)C(=O)NC(CC(C)C)C(=O)NC(Cc1cnc[nH]1)C(=O)NC(CCCCN)C(=O)NC(CC(C)C)C(=O)NC(CCC(N)=O)C(=O)NC(C(=O)NC(Cc1ccc(O)cc1)C(=O)N1CCCC1C(=O)NC(CCCNC(=N)N)C(=O)NC(C(=O)NC(CC(N)=O)C(=O)NC(C(=O)NCC(=O)NC(CO)C(=O)NCC(=O)NC(C(=O)N1CCCC1C(N)=O)C(C)O)C(C)O)C(C)O)C(C)O,1
CC(O)C(CO)NC(=O)C1CSSCC(NC(=O)C(N)Cc2ccccc2)C(=O)NC(Cc2ccccc2)C(=O)NC(Cc2c[nH]c3ccccc23)C(=O)NC(CCCCN)C(=O)NC(C(C)O)C(=O)N1,1
CC(=O)OCC(=O)C1(O)CCC2C3CCC4=CC(=O)C=CC4(C)C3C(O)CC21C,1
CC(C)CC(N(C)C)C1(c2ccc(Cl)cc2)CCC1,1
CCC(C)C(NC(=O)C(CC(C)C)NC(=O)C(CO)NC(=O)C(Cc1cnc[nH]1)NC(=O)C(NC(=O)C(CC(C)C)NC(=O)C(CO)NC(=O)C(NC(=O)C(Cc1ccc(O)cc1)NC(C)=O)C(C)O)C(C)CC)C(=O)NC(CCC(=O)O)C(=O)NC(CCC(=O)O)C(=O)NC(CO)C(=O)NC(CCC(N)=O)C(=O)NC(CC(N)=O)C(=O)NC(CCC(N)=O)C(=O)NC(CCC(N)=O)C(=O)NC(CCC(=O)O)C(=O)NC(CCCCN)C(=O)NC(CC(N)=O)C(=O)NC(CCC(=O)O)C(=O)NC(CCC(N)=O)C(=O)NC(CCC(=O)O)C(=O)NC(CC(C)C)C(=O)NC(CC(C)C)C(=O)NC(CCC(=O)O)C(=O)NC(CC(C)C)C(=O)NC(CC(=O)O)C(=O)NC(CCCCN)C(=O)NC(Cc1c[nH]c2ccccc12)C(=O)NC(C)C(=O)NC(CO)C(=O)NC(CC(C)C)C(=O)NC(Cc1c[nH]c2ccccc12)C(=O)NC(CC(N)=O)C(=O)NC(Cc1c[nH]c2ccccc12)C(=O)NC(Cc1ccccc1)C(N)=O,1
Cc1ccc(-c2cc(C(F)(F)F)nn2-c2ccc(S(N)(=O)=O)cc2)cc1,1
CN(C)C(=O)c1cc2cnc(Nc3ccc(N4CCNCC4)cn3)nc2n1C1CCCC1,1
CC(C(=O)O)c1ccc(C(=O)c2ccccc2)s1,1
Cc1c(N(C)CS(=O)(=O)O)c(=O)n(-c2ccccc2)n1C,1
OCc1ccccc1,1
COC1CC2CCC(C)C(O)(O2)C(=O)C(=O)N2CCCCC2C(=O)OC(C(C)CC2CCC(OCCO)C(OC)C2)CC(=O)C(C)C=C(C)C(O)C(OC)C(=O)C(C)CC(C)C=CC=CC=C1C,1
Cc1ccc(-c2ncc(Cl)cc2-c2ccc(S(C)(=O)=O)cc2)cn1,1
CCC(=O)OCC(=O)C1(OC(=O)CC)C(C)CC2C3CCC4=CC(=O)C=CC4(C)C3(F)C(O)CC21C,1
COc1ccccc1CNC(=O)c1cc(-c2ccccc2)on1,1
CC(CCc1ccccc1)NCC(O)c1ccc(O)c(C(N)=O)c1,1
O=C(Nc1nc2cccc(-c3ccc(CN4CCS(=O)(=O)CC4)cc3)n2n1)C1CC1,1
O=C(Oc1ccccc1C(=O)O)c1ccccc1O,1
CN1C(C(=O)Nc2ccccn2)C(=O)c2ccccc2S1(=O)=O,1
CC12CCC3c4ccc(OS(=O)(=O)O)cc4CCC3C1CCC2=O,1
CC12C=CC(=O)C=C1CCC1C2C(O)CC2(C)C1CCC2(O)C(=O)COP(=O)(O)O,1
CC(C)(C)NC(=O)C1CC2CCCCC2CN1CC(O)C(Cc1ccccc1)NC(=O)C(CC(N)=O)NC(=O)c1ccc2ccccc2n1,1
Cc1cc(C#N)cc(C)c1Oc1nc(Nc2ccc(C#N)cc2)nc(N)c1Br,1
COC(=O)C1C2CC3c4[nH]c5cc(OC)ccc5c4CCN3CC2CC(OC(=O)C=Cc2cc(OC)c(OC)c(OC)c2)C1OC,1
CCOc1ccc(Cc2cc(C3OC(CO)C(O)C(O)C3O)ccc2Cl)cc1,1
CCCC[N+]1(C)C2CC(OC(=O)C(CO)c3ccccc3)CC1C1OC12,1
CC12CCC(=O)C=C1CCC1C3CCC(O)(C(=O)CO)C3(C)CC(O)C12F,1
NC1C(O)OC(CO)C(O)C1O,1
CC(C)(C#N)c1cc(Cn2cncn2)cc(C(C)(C)C#N)c1,1
C=C1CCC(O)CC1=CC=C1CCCC2(C)C1CCC2C(C)CCCC(C)C,1
NS(=O)(=O)c1cc2c(cc1Cl)NC=NS2(=O)=O,1
CC(C)C(=O)c1c(C(C)C)nn2ccccc12,1
CN1CCN(CCCN2c3ccccc3Sc3ccc(Cl)cc32)CC1,1
CN(C)CCC=C1c2ccccc2Sc2ccc(Cl)cc21,1
COc1cc(CNC(=O)CCCCC=CC(C)C)ccc1O,1
CC(C)CC(NC(=O)C(COC(C)(C)C)NC(=O)C(Cc1ccc(O)cc1)NC(=O)C(CO)NC(=O)C(Cc1c[nH]c2ccccc12)NC(=O)C(Cc1cnc[nH]1)NC(=O)C1CCC(=O)N1)C(=O)NC(CCCN=C(N)N)C(=O)N1CCCC1C(=O)NNC(N)=O,1
CC(=O)c1c(C)c2cnc(Nc3ccc(N4CCNCC4)cn3)nc2n(C2CCCC2)c1=O,1
Cc1cn(C2CC(N=[N+]=[N-])C(COP(=O)(O)OP(=O)(O)OP(=O)(O)O)O2)c(=O)[nH]c1=O,1
O=c1oc2ccccc2c(O)c1Cc1c(O)c2ccccc2oc1=O,1
CC1C=CC=CCCC=CC=CC=CC=CC(OC2OC(C)C(O)C(N)C2O)CC2OC(O)(CC(O)C(O)CCC(O)CC(O)CC(O)CC(=O)OC(C)C(C)C1O)CC(O)C2C(=O)O,1
COc1cccc2c1C(=O)c1c(O)c3c(c(O)c1C2=O)CC(O)(C(=O)CO)CC3OC1CC(N)C(O)C(C)O1,1
CCCCCN(C)CCC(O)(P(=O)(O)O)P(=O)(O)O,1
NCC1(CC(=O)O)CCCCC1,1
CC(C)CC(CN)CC(=O)O,1
CN(C)CCCC1(c2ccc(F)cc2)OCc2cc(C#N)ccc21,1
CS(=O)(=O)c1ccc(C2=C(c3ccccc3)C(=O)OC2)cc1,1
CCOC(=O)C1(c2ccccc2)CCN(CCC(C#N)(c2ccccc2)c2ccccc2)CC1,1
CC(C)CN(CC(O)C(Cc1ccccc1)NC(=O)OC1COC2OCCC12)S(=O)(=O)c1ccc(N)cc1,1
CN(CC=CC#CC(C)(C)C)Cc1cccc2ccccc12,1
NCCNCCNCCN,1
S=P(N1CC1)(N1CC1)N1CC1,1
OCCN(CCO)c1nc(N2CCCCC2)c2nc(N(CCO)CCO)nc(N3CCCCC3)c2n1,1
COc1ccc(CC(C)(C)NCC(O)c2cc(O)cc3c2OCC(=O)N3)cc1,1
CCCc1nc(C(C)(C)O)c(C(=O)O)n1Cc1ccc(-c2ccccc2-c2nn[nH]n2)cc1,1
Cc1cc(C)cc(OCC2CNC(=O)O2)c1,1
Cc1nnc(C(C)C)n1C1CC2CCC(C1)N2CCC(NC(=O)C1CCC(F)(F)CC1)c1ccccc1,1
O=C(O)c1cc(=O)c2c(OCC(O)COc3cccc4oc(C(=O)O)cc(=O)c34)cccc2o1,1
CCC(C)C(=O)OC1CC(O)C=C2C=CC(C)C(CCC(O)CC(O)CC(=O)O)C21,1
CC(C)(C)NCC(O)CSc1nc(-c2ccc(C(N)=O)s2)cs1,1
O=S(=O)(O)CCS,1
O=c1[nH]c2ccccc2n1CCCN1CCC(n2c(=O)[nH]c3cc(Cl)ccc32)CC1,1
CCOC(=O)C1(c2ccccc2)CCC=CC1N(C)C,1
C=C1C(=CC=C2CCCC3(C)C2CCC3C(C)CCCC(C)(C)O)CC(O)C(OCCCO)C1O,1
CCNC(=O)C1CCCN1C(=O)C(CCCN=C(N)N)NC(=O)C(CC(C)C)NC(=O)C(CC(C)C)NC(=O)C(Cc1ccc(O)cc1)NC(=O)C(CO)NC(=O)C(Cc1c[nH]c2ccccc12)NC(=O)C(Cc1cnc[nH]1)NC(=O)C1CCC(=O)N1,1
NS(=O)(=O)c1ccc(N2CCCCS2(=O)=O)cc1,1
CCCCCCCCCCCCCC(=O)NCCCCC(NC(=O)C1CCCN1C(=O)C(NC(=O)C(Cc1ccc(O)cc1)NC(=O)C(Cc1ccccc1)NC(=O)C(Cc1ccccc1)NC(=O)CNC(=O)C(CCCNC(=N)N)NC(=O)C(CCC(=O)O)NC(=O)CNC(=O)C1CSSCC(C(=O)NC(CC(N)=O)C(=O)O)NC(=O)C(Cc2ccc(O)cc2)NC(=O)C(CC(N)=O)NC(=O)C(CCC(=O)O)NC(=O)C(CC(C)C)NC(=O)C(CCC(N)=O)NC(=O)C(Cc2ccc(O)cc2)NC(=O)C(CC(C)C)NC(=O)C(CO)NC(=O)C2CSSCC(NC(=O)C(CCC(N)=O)NC(=O)C(CCC(=O)O)NC(=O)C(NC(=O)C(NC(=O)CN)C(C)CC)C(C)C)C(=O)NC(CSSCC(NC(=O)C(CC(C)C)NC(=O)C(Cc3c[nH]cn3)NC(=O)C(CCC(N)=O)NC(=O)C(CC(N)=O)NC(=O)C(NC(=O)C(N)Cc3ccccc3)C(C)C)C(=O)NCC(=O)NC(CO)C(=O)NC(Cc3c[nH]cn3)C(=O)NC(CC(C)C)C(=O)NC(C(C)C)C(=O)NC(CCC(=O)O)C(=O)NC(C)C(=O)NC(CC(C)C)C(=O)NC(Cc3ccc(O)cc3)C(=O)NC(CC(C)C)C(=O)NC(C(C)C)C(=O)N1)C(=O)NC(C(C)O)C(=O)NC(CO)C(=O)NC(C(C)CC)C(=O)N2)C(C)O)C(=O)O,1
CC(C)(C)NC(=O)C1CN(Cc2cccnc2)CCN1CC(O)CC(Cc1ccccc1)C(=O)NC1c2ccccc2CC1O,1
Nc1nc(N)c2nc(-c3ccccc3)c(N)nc2n1,1
Cc1ccnc2c1NC(=O)c1cccnc1N2C1CC1,1
OC(CCN1CCCC1)(c1ccccc1)C1CCCCC1,1
CCCCCCCCCCC(=O)OC1CCC2C3CCC4=CC(=O)CCC4(C)C3CCC12C,1
CCc1ccc(C(C)CCc2ccc([N+](C)(C)C)cc2)cc1,1
COC1CC2CCC(C)C(O)(O2)C(=O)C(=O)N2CCCCC2C(=O)OC(C(C)CC2CCC(O)C(OC)C2)CC(=O)C(C)C=C(C)C(O)C(OC)C(=O)C(C)CC(C)C=CC=CC=C1C,1
Cc1nnc(C(=O)NC(C)(C)c2nc(C(=O)NCc3ccc(F)cc3)c(O)c(=O)n2C)o1,1
Nc1ncnc2c1ncn2CCOCP(=O)(O)O,1
CC1(C)OC2CC3C4CC(F)C5=CC(=O)C=CC5(C)C4C(O)CC3(C)C2(C(=O)CO)O1,1
CCS(=O)(=O)N1CC(CC#N)(n2cc(-c3ncnc4[nH]ccc34)cn2)C1,1
CC(=O)OC12COC1CC(O)C1(C)C(=O)C(O)C3=C(C)C(OC(=O)C(O)C(NC(=O)OC(C)(C)C)c4ccccc4)CC(O)(C(OC(=O)c4ccccc4)C21)C3(C)C,1
Nc1nc2c(c(=O)[nH]1)N(C=O)C(CNc1ccc(C(=O)NC(CCC(=O)O)C(=O)O)cc1)CN2,1
CCOCCn1c(C2CCN(CCc3ccc(C(C)(C)C(=O)O)cc3)CC2)nc2ccccc21,1
O=C(O)c1cc(O)c2c(c1)C(C1c3cc(C(=O)O)cc(O)c3C(=O)c3c(OC4OC(CO)C(O)C(O)C4O)cccc31)c1cccc(OC3OC(CO)C(O)C(O)C3O)c1C2=O,1
COc1cc(C)c(C=CC(C)=CC=CC(C)=CC(=O)O)c(C)c1C,1
CCN(C(C)=O)c1cccc(-c2ccnc3c(C#N)cnn23)c1,1
CC(NC(C)(C)C)C(=O)c1cccc(Cl)c1,1
O=C(OC1C[N+]2(CCCOc3ccccc3)CCC1CC2)C(O)(c1cccs1)c1cccs1,1
O=c1[nH]cnc2[nH]ncc12,1
Nc1nc2ccc(OC(F)(F)F)cc2s1,1
Cc1cc(C(C)(C)C)cc(C)c1CC1=NCCN1,1
CC1=C(C(=O)O)N2C(=O)C(NC(=O)C(N)c3ccccc3)C2SC1,1
CN1CCC23c4c5ccc(O)c4OC2C(O)C=CC3C1C5,1
CC(=O)NC(CS)C(=O)O,1
C=CC1=C(C(=O)O)N2C(=O)C(NC(=O)C(=NO)c3csc(N)n3)C2SC1,1
CC(O)(CS(=O)(=O)c1ccc(F)cc1)C(=O)Nc1ccc(C#N)c(C(F)(F)F)c1,1
Cc1cc2c(s1)Nc1ccccc1N=C2N1CCN(C)CC1,1
Cc1ncc(C[n+]2csc(CCO)c2C)c(N)n1,1
C=C1C(=CC=C2CCCC3(C)C2CCC3C(C)CCCC(C)C)CC(O)CC1O,1
CN(C)C1C(=O)C(C(N)=O)C(=O)C2(O)C(=O)C3C(=O)c4c(O)cccc4C(C)(O)C3CC12,1
Nc1ccn(CC(CO)OCP(=O)(O)O)c(=O)n1,1
COc1c(C)c2c(c(O)c1CC=C(C)CCC(=O)OCCN1CCOCC1)C(=O)OC2,1
CC1OC2(CS1)CN1CCC2CC1,1
CNC1CCC(c2ccc(Cl)c(Cl)c2)c2ccccc21,1
CC1=C(CC(=O)O)c2cc(F)ccc2C1=Cc1ccc([S+](C)[O-])cc1,1
CC(C)Nc1cccnc1N1CCN(C(=O)c2cc3cc(NS(C)(=O)=O)ccc3[nH]2)CC1,1
Clc1ccc(COC(Cn2ccnc2)c2ccc(Cl)cc2Cl)cc1,1
CN1CCCC(n2nc(Cc3ccc(Cl)cc3)c3ccccc3c2=O)CC1,1
O=[N+]([O-])OC1COC2C(O)COC12,1
COc1ccnc(C[S+]([O-])c2nc3ccc(OC(F)F)cc3[nH]2)c1OC,1
O=C(O)CC(S)C(=O)O,1
O=C(Nc1c(Cl)cncc1Cl)c1ccc(OC(F)F)c(OCC2CC2)c1,1
COc1ccc(CC(C)NCC(O)c2ccc(O)c(NC=O)c2)cc1,1
CN(C)c1ccc(O)c2c1CC1CC3C(N(C)C)C(=O)C(C(N)=O)C(=O)C3(O)C(=O)C1C2=O,1
ClC=CC[N+]12CN3CN(CN(C3)C1)C2,1
CCCN1CC(CSC)CC2c3cccc4[nH]cc(c34)CC21,1
Cc1cccc(Nc2ccccc2C(=O)O)c1C,1
Cn1cc[nH]c1=S,1
CC(NCCc1ccc(O)cc1)C(O)c1ccc(O)cc1,1
CC1(C)SC2C(NC(=O)Cc3ccccc3)C(=O)N2C1C(=O)O,1
Cc1c2oc3c(C)ccc(C(=O)NC4C(=O)NC(C(C)C)C(=O)N5CCCC5C(=O)N(C)CC(=O)N(C)C(C(C)C)C(=O)OC4C)c3nc-2c(C(=O)NC2C(=O)NC(C(C)C)C(=O)N3CCCC3C(=O)N(C)CC(=O)N(C)C(C(C)C)C(=O)OC2C)c(N)c1=O,1
CC(N)Cc1ccccc1,1
Nc1ccc(S(=O)(=O)Nc2ccccn2)cc1,1
Nc1ccc(N=Nc2ccccc2)c(N)n1,1
CC(C)CC(NC(=O)C(Cc1ccc2ccccc2c1)NC(=O)C(Cc1ccc(O)cc1)NC(=O)C(CO)NC(=O)C(Cc1c[nH]c2ccccc12)NC(=O)C(Cc1cnc[nH]1)NC(=O)C1CCC(=O)N1)C(=O)NC(CCCN=C(N)N)C(=O)N1CCCC1C(=O)NCC(N)=O,1
CCc1cc2c(cc1CC)CC(NCC(O)c1ccc(O)c3[nH]c(=O)ccc13)C2,1
COc1cc2c(cc1Cc1cccc(Cl)c1F)c(=O)c(C(=O)O)cn2C(CO)C(C)C,1
Cc1ccccc1C(OCCN(C)C)c1ccccc1,1
CCOc1cc(C(CS(C)(=O)=O)N2C(=O)c3cccc(NC(C)=O)c3C2=O)ccc1OC,1
C[N+]12CCC(CC1)C(OC(=O)C(O)(c1ccccc1)c1ccccc1)C2,1
CC(C)C(=O)Nc1ccc([N+](=O)[O-])c(C(F)(F)F)c1,1
CCNC1CC(C)S(=O)(=O)c2sc(S(N)(=O)=O)cc21,1
CCC(C)C(NC(=O)C(C)NC(=O)C(CC(=O)O)NC(=O)C(C)NC(=O)C(N)Cc1cnc[nH]1)C(=O)NC(Cc1ccccc1)C(=O)NC(C(=O)NC(CO)C(=O)NC(CO)C(=O)NC(Cc1ccc(O)cc1)C(=O)NC(CCCNC(=N)N)C(=O)NC(CCCNC(=N)N)C(=O)NC(C(=O)NC(CC(C)C)C(=O)NCC(=O)NC(CCC(N)=O)C(=O)NC(CC(C)C)C(=O)NC(Cc1ccc(O)cc1)C(=O)NC(C)C(=O)NC(CCCNC(=N)N)C(=O)NC(CCCCN)C(=O)NC(CC(C)C)C(=O)NC(CC(C)C)C(=O)NC(Cc1cnc[nH]1)C(=O)NC(CCC(=O)O)C(=O)NC(C(=O)NC(CCSC)C(=O)NC(CC(=O)O)C(=O)NC(CCCNC(=N)N)C(=O)NC(CCC(N)=O)C(=O)NC(CCC(N)=O)C(=O)NCC(=O)NC(CCC(=O)O)C(=O)NC(CCCNC(=N)N)C(=O)NC(CC(N)=O)C(=O)NC(CCC(N)=O)C(=O)NC(CCC(=O)O)C(=O)NC(CCC(N)=O)C(=O)NC(CCCNC(=N)N)C(=O)NC(CO)C(=O)NC(CCCNC(=N)N)C(=O)NC(Cc1ccccc1)C(=O)NC(CC(N)=O)C(=O)O)C(C)CC)C(C)CC)C(C)O,1
OCCOCCN1CCN(C(c2ccccc2)c2ccc(Cl)cc2)CC1,1
CCOc1ccc(NC(C)=O)cc1,1
OCc1cc(C(O)CNCCCCCCOCCOCc2c(Cl)cccc2Cl)ccc1O,1
OCC1OC(OC2(CO)OC(CO)C(O)C2O)C(O)C(O)C1O,1
CC(=O)OCC(=O)C1(O)CCC2C3CCC4=CC(=O)CCC4(C)C3C(O)CC21C,1
CCC(=O)OC1(C(=O)CCl)C(C)CC2C3CCC4=CC(=O)C=CC4(C)C3(F)C(O)CC21C,1
NCCCC(=O)O,1
NS(=O)(=O)Cc1noc2ccccc12,1
CCCC1CC(C(=O)NC(C(C)Cl)C2OC(SC)C(O)C(O)C2O)N(C)C1,1
CC(=O)OC1(C(C)=O)CCC2C3C=C(C)C4=CC(=O)CCC4(C)C3CCC21C,1
O=C1NC(c2ccccc2)(c2ccccc2)C(=O)N1COP(=O)(O)O,1
CCCN(CCC)CCc1cccc2c1CC(=O)N2,1
CC(C)(C)NCC(O)c1cc(O)cc(O)c1,1
CCN(CC)C(=O)c1cccnc1,1
[P],1
CC(=O)OCC(CCn1cnc2cnc(N)nc21)COC(C)=O,1
Clc1ccccc1C(c1ccccc1)(c1ccccc1)n1ccnc1,1
CN1CCC(=C2c3ccccc3C=Cc3ccccc32)CC1,1
C=CCN1CCC23c4c5ccc(O)c4OC2C(=O)CCC3(O)C1C5,1
CC(=O)C1(O)CCC2C3CC(C)C4=CC(=O)CCC4(C)C3CCC21C,1
CC(=O)OCC(=O)C1(O)CCC2C3CCC4=CC(=O)CCC4(C)C3C(=O)CC21C,1
CN1C(=O)C(O)N=C(c2ccccc2)c2cc(Cl)ccc21,1
CCC(C)(C)C(=O)OC1CC(C)C=C2C=CC(C)C(CCC3CC(O)CC(=O)O3)C21,1
CC(C)(C(=O)O)c1ccc(C(O)CCCN2CCC(C(O)(c3ccccc3)c3ccccc3)CC2)cc1,1
CCCNC1CCc2nc(N)sc2C1,1
CC(O)(P(=O)(O)O)P(=O)(O)O,1
C[N+]1(C)CCC(OC(=O)C(O)(c2ccccc2)C2CCCC2)C1,1
COc1ccc2c3c1OC1C(=O)CCC4(O)C(C2)NCCC314,1
CCCc1nc2c(C)cc(-c3nc4ccccc4n3C)cc2n1Cc1ccc(-c2ccccc2C(=O)O)cc1,1
CN=C1CN(O)C(c2ccccc2)=c2cc(Cl)ccc2=N1,1
O=C(O)c1cc(-c2ccc(F)cc2F)ccc1O,1
O=C(c1ccccc1)c1ccc2n1CCC2C(=O)O,1
CC1CC2C3CCC4=CC(=O)C=CC4(C)C3(Cl)C(O)CC2(C)C1(O)C(=O)CCl,1
O=[N+]([O-])OCC(CO[N+](=O)[O-])O[N+](=O)[O-],1
COc1ccc2c(c1)c(CC(=O)O)c(C)n2C(=O)c1ccc(Cl)cc1,1
CN(C)CCC=C1c2ccccc2CSc2ccccc21,1
CC(C)CN(CC(OP(=O)(O)O)C(Cc1ccccc1)NC(=O)OC1CCOC1)S(=O)(=O)c1ccc(N)cc1,1
CCCCNc1cc(C(=O)O)cc(S(N)(=O)=O)c1Oc1ccccc1,1
CC1c2cccc(O)c2C(=O)C2C(=O)C3(O)C(=O)C(C(N)=O)C(=O)C(N(C)C)C3C(O)C21,1
Cc1cc2nc3c(=O)[nH]c(=O)nc-3n(CC(O)C(O)C(O)COP(=O)(O)O)c2cc1C,1
Nc1ccncc1,1
Cc1nccn1CC1CCc2c(c3ccccc3n2C)C1=O,1
Nc1nc(F)nc2c1ncn2C1OC(CO)C(O)C1O,1
O=C(OC1CC2CC3CC(C1)N2CC3=O)c1c[nH]c2ccccc12,1
NC(=O)c1cccc2cn(-c3ccc(C4CCCNC4)cc3)nc12,1
CCOC(=O)C1(c2ccccc2)CCN(C)CC1,1
CC(C)(CO)C(O)C(=O)NCCCO,1
C#CCN(C)C(C)Cc1ccccc1,1
Cc1onc(-c2ccccc2)c1-c1ccc(S(N)(=O)=O)cc1,1
C=C1CCC(O)CC1=CC=C1CCCC2(C)C1CCC2C(C)C=CC(C)C(C)C,1
COc1ccc2c3c1OC1C(=O)CCC4(O)C(C2)N(C)CCC314,1
CSCCC(NC(=O)C(CO)NC(=O)C(Cc1ccc(O)cc1)NC(=O)C(N)CO)C(=O)NC(CCC(=O)O)C(=O)NC(Cc1cnc[nH]1)C(=O)NC(Cc1ccccc1)C(=O)NC(CCCNC(=N)N)C(=O)NC(Cc1c[nH]c2ccccc12)C(=O)NCC(=O)NC(CCCCN)C(=O)N1CCCC1C(=O)NC(C(=O)NCC(=O)NC(CCCCN)C(=O)NC(CCCCN)C(=O)NC(CCCNC(=N)N)C(=O)NC(CCCNC(=N)N)C(=O)N1CCCC1C(=O)NC(C(=O)NC(CCCCN)C(=O)NC(C(=O)NC(Cc1ccc(O)cc1)C(=O)N1CCCC1C(=O)NC(CC(N)=O)C(=O)NCC(=O)NC(C)C(=O)NC(CCC(=O)O)C(=O)NC(CC(=O)O)C(=O)NC(CCC(=O)O)C(=O)NC(CO)C(=O)NC(C)C(=O)NC(CCC(=O)O)C(=O)NC(C)C(=O)NC(Cc1ccccc1)C(=O)N1CCCC1C(=O)NC(CC(C)C)C(=O)NC(CCC(=O)O)C(=O)NC(Cc1ccccc1)C(=O)O)C(C)C)C(C)C)C(C)C,1
OC(c1ccccc1)(c1ccccc1)C12CC[N+](CCOCc3ccccc3)(CC1)CC2,1
Cc1cccc(C)c1OCC(C)N,1
CC(CN1c2ccccc2Sc2ccccc21)N(C)C,1
CC1(C)SC2C(NC(=O)C(N)c3ccc(O)cc3)C(=O)N2C1C(=O)O,1
O=C(O)CCCCC1SCC2NC(=O)NC21,1
CC(=O)CCCCn1c(=O)c2c(ncn2C)n(C)c1=O,1
CCC1(C)CC(=O)NC1=O,1
CC(=O)C1(O)CCC2C3C=C(C)C4=CC(=O)CCC4(C)C3CCC21C,1
CCC1OC(=O)C(C)C(OC2CC(C)(OC)C(O)C(C)O2)C(C)C(OC2OC(C)CC(N(C)C)C2O)C(C)(O)CC(C)CN(C)C(C)C(O)C1(C)O,1
CC1CC2C3CC(F)C4=CC(=O)C=CC4(C)C3(F)C(O)CC2(C)C1(O)C(=O)SCF,1
O=C(NCc1c(F)cc(F)cc1F)c1cn2c(c(O)c1=O)C(=O)N1C3CCC(C3)OC1C2,1
CCC(=O)C(CC(C)N(C)C)(c1ccccc1)c1ccccc1,1
CC(c1ncncc1F)C(O)(Cn1cncn1)c1ccc(F)cc1F,1
CC(C)=CCCC(C)=CCCC(C)=CCCC(C)=CCC1=C(C)C(=O)c2ccccc2C1=O,1
CC1CC2C3CCC4=CC(=O)C=CC4(C)C3(F)C(O)CC2(C)C1(O)C(=O)COP(=O)(O)O,1
CC(=O)OCC(=O)C1(O)CCC2C3CCC4=CC(=O)C=CC4(C)C3C(=O)CC21C,1
NC(=O)N1c2ccccc2CC(=O)c2ccccc21,1
CC(=O)C1(O)CCC2C3C=C(Cl)C4=CC(=O)C5CC5C4(C)C3CCC21C,1
NC(Cc1cc(I)c(Oc2ccc(O)c(I)c2)c(I)c1)C(=O)O,1
CN(C)CCc1c[nH]c2ccc(CC3COC(=O)N3)cc12,1
CC(C)OC(=O)C(C)NP(=O)(COC(C)Cn1cnc2c(N)ncnc21)Oc1ccccc1,1
NC(=O)c1ncn(C2OC(CO)C(O)C2O)c1O,1
CC(C)NC(=O)C1CC1c1ccccc1,0
O=c1c2cc(Br)ccc2n(CCCCOCc2ccccc2)c2ccc(Br)cc12,0
CCN(Cc1cccc(F)c1)C(=O)COC(=O)c1cc(C(=O)OC)cc([N+](=O)[O-])c1,0
O=C(O)CCCCCC1CCC(CC(=O)O)O1,0
CC(C)OCC(=O)c1ccc(Cl)cc1,0
Cc1ccc(S(=O)(=O)NCCC(=O)N(C)CC(=O)Nc2c(C)cccc2C)cc1,0
O=c1c(Cl)c(OCc2ccc(F)cc2)cnn1-c1cccc(C(F)(F)F)c1,0
Cc1[nH]c(C(=O)OCC(=O)c2ccc(Br)s2)c(C)c1C(C)O,0
O=C1c2ccccc2NC(c2ccsc2)N1c1ccccc1,0
CC(=O)c1ccccc1NC(=O)COC(=O)c1cccc(OCc2c(C)noc2C)c1,0
O=C(Nc1nc(-c2ccc(F)c(F)c2)cs1)C1CCN(S(=O)(=O)c2ccc3c(c2)OCCO3)CC1,0
O=C(NC1CCNC1)OCc1cc2ccccc2nc1Cl,0
COc1ccc(OCc2nnc(SCc3nnc(-c4ccccc4)o3)o2)cc1,0
O=C(C=Cc1ccccc1)c1ccc(OCc2ccccc2)cc1OCC1CO1,0
Cc1ccc(C([NH2+]C(C)C(=O)NC2CCCCC2)c2cccs2)cc1,0
O=C(NN=Cc1ccc(OC(=O)c2ccc(Br)cc2)cc1)c1ccc2c(c1)OCO2,0
O=C(NCc1ccccc1)C(CC(=NCc1ccccc1)c1ccc(-c2ccccc2)cc1)c1c[nH]c2ccccc12,0
CC(=O)OCC1CC1c1ccccc1,0
Cc1ccccc1CN(C)CC(=O)Nc1ccc(CC#N)cc1,0
C=CCC1CNC(=S)O1,0
CC(C)[NH+](CCNC(=O)COc1ccc(C(=O)c2ccccc2)cc1)C(C)C,0
COc1ccccc1CCNC(=O)COC(=O)c1csc(-c2ccc(F)cc2)n1,0
CCOC(=O)c1cc2ccccc2n1OC(=O)c1ccccc1,0
O=C(O)CN1C(=O)C(=O)N(Cc2ccc(Br)cc2)C1=O,0
CCC(C)C(NC(=O)C(C)(C)NC(=O)C(CCC(N)=O)NC(=O)OCc1ccccc1)C(=O)NC(C)(C)C(=O)NCC(=O)NC(CC(C)C)C(=O)NC(C)(C)C(=O)OCC(=O)c1ccccc1,0
CCOC(=O)COc1ccc2c(=O)c(Oc3ccc(OCC)cc3)c(C)oc2c1,0
Cc1cccc(C(=O)NCCN(C(C)C)C(C)C)c1N,0
Cc1ccc(N(C(C)C(=O)Nc2ccc(I)cc2)S(C)(=O)=O)cc1C,0
O=C(Cc1csc(SCc2ccc(Cl)cc2Cl)n1)Nc1ccc(Cl)cc1,0
CC1CCCCC1NC(=O)CSc1nc(-c2ccc(Cl)cc2)c[nH]1,0
CSC1=C(SCCCC(=O)O)SC(=C2SC(SC)=C(SCCCC(=O)O)S2)S1,0
CCCCCCCCCCOc1ccc(-c2ccc(O)c(F)c2F)cc1,0
CCC1=C2CCCC2(CO)COC1=O,0
NN=CC1=C(N2CCOCC2)C(=C(OC(=O)c2ccccc2)c2ccccc2)CC1,0
CC(C)C(C)NC(=O)COC(=O)C(C)N1C(=O)c2ccccc2C1=O,0
CCOC(=O)C1C(=O)C(C)(C(OC(C)=O)C(C)=O)N=C1C,0
CCOC(=O)C=Cc1ccccc1C1OC(c2ccccc2)C(C)N1C,0
CCC(c1ccc(Cl)cc1)c1c(O)oc(C)c1O,0
C[Si]1(C)[Si](C)(C)[Si](C)(C)[Si](C)(Br)[Si](C)(C)[Si]1(C)C,0
CCOC(=O)C1=CN(CC)CCc2c([nH]c3ccccc23)C1C(C)C,0
CS(=O)(=O)Nc1ccccc1C(=O)OCC(=O)Nc1c(F)cccc1F,0
CC(C)(C)c1cc(CCCc2cncnc2OCc2ccccc2)ccc1C(=O)O,0
CC(OC(=O)CCn1c(O)c2ccccc2cc1=O)C(=O)Nc1ccccc1,0
COc1ccc(C2C(C)C(OC(=O)O)N=C3C(Cl)=CC(Cl)=CN32)cc1,0
CCC(Cl)C(=O)[O-],0
CCOC(=O)C1(C)[NH2+]C(c2ccccc2C)c2c1c(O)n(-c1cccc(OC)c1)c2O,0
CN(c1ccccc1)c1ccc(C=NN=C(C(=O)c2ccccc2)c2ccccc2)cc1,0
Cc1cc(C)cc(N2C(=O)CSC2c2ccc(NC(=O)CCC3CCCC3)cc2)c1,0
CCCCCCCCCCC(C(=O)OCC(COC(=O)C(CCCCCCCCCC)C(C)(C)C)OC(=O)C(CCCCCCCCCC)C(C)(C)C)C(C)(C)C,0
CCOC(=O)C1C(c2ccc(OC)cc2)=NOC(OC2CC(C)CCC2C(C)C)C1C1C(c2ccc(OC)cc2)=NOC(OC2CC(C)CCC2C(C)C)C1c1ccc2c(c1)OCO2,0
COc1ccc(NC(=O)c2ncc3ccccc3n2)cc1,0
O=C(c1ccc(-c2nnco2)cc1)N1CCN(S(=O)(=O)c2ccccc2)CC1,0
CCc1ccccc1OCCCNC(C)CC,0
CCNC(=O)OC(c1c(OC)cc(OC)c(C(=O)CC(C)C)c1O[Si](C)(C)C(C)(C)C)C1CC2CC(C1=CS(=O)(=NC(CO[Si](C)(C)C(C)(C)C)C(C)C)c1ccc(C)cc1)C2(C)C,0
Cc1ccc(-n2ncc3c(=O)n(CC(=O)NC4CCCC4)cnc32)cc1,0
CCOC(=O)c1ccc(NC(=O)C2OC3OC(C)(C)OC3C3OC(C)(C)OC23)cc1,0
CCOCCN1CCN(c2cc(C)nc3cc(-c4ccc(F)cc4)nn23)CC1,0
O=C(Cc1cccs1)N1CCN(Cc2ccncc2)CC1,0
COc1ccc2c(c1)CCC2=Cc1cncs1,0
CCCOc1ccc(C(=O)Oc2ccc3ccccc3c2)cc1,0
COc1cccc2c(O)c3c(c(O)c12)C(=O)C1=C(CC(O)(C(=O)CO)CC1OC1CC(N2CCOCC2)C(O)C(C)O1)C3=O,0
Cc1ccc(NC(=S)NNS(=O)(=O)c2cc(C)c(Cl)cc2C)cc1C,0
Cc1c(CCC(=O)NCC(=O)O)c(=O)oc2cc(O)c(Cl)cc12,0
C=C(NOCC(=O)N=Nc1c(O)[nH]c2ccccc12)c1cccs1,0
CC(C)CC(c1ccco1)C(CO)NS(=O)(=O)c1ccc(Br)cc1,0
CCOc1cc(C=NNc2ccc(S(N)(=O)=O)cc2[N+](=O)[O-])ccc1O,0
CCCCCCCCCCC(=O)Nc1cc(Cl)ccc1Cl,0
COCC1CCC(c2ccc(C(=O)O)cc2)CC1,0
O=C1C2CC3C(=CCc4c3c(O)n(C3CCN(Cc5ccccc5)CC3)c4O)C(c3cc(OC(F)(F)F)ccc3O)C2(c2ccccc2)C(=O)N1c1cccc(Cl)c1,0
CCOCc1cc(C(=O)Nc2ccc(CC)cc2)ccc1OC,0
O=C([O-])CCCn1c(O)c2c(c1O)CC=CC2,0
O=C(c1ccccc1)c1cccc2c1CCCC2,0
NC(=O)NN=C(c1ccccc1)C1C(c2ccccc2)N1Cc1ccccc1,0
CCCCn1c(SCC(=O)NC(CC)c2ccc(C)cc2)nc2ccccc2c1=O,0
COC(=O)C(NC(=O)C(CC(C)C)NC(=O)N(CC(C)C)CC(O)C(Cc1ccccc1)NC(=O)OC(C)(C)C)C(C)C,0
CC(C)(C)C1CCc2c(sc3nc(SCC(=O)Nc4ccccc4F)n(-c4ccccc4)c(=O)c23)C1,0
C=CCOC12Oc3ccc(OCCSc4ccccc4)cc3C3C(CCCCO)C(CCCCO)C=C(C(=NOCc4ccc([N+](=O)[O-])cc4)CC1N(C)C(=O)C=Cc1ccc([N+](=O)[O-])cc1)C32,0
CC1(C)CC2C3=CCC4C5(C)CCC(O)C(C)(C=O)C5CCC4(C)C3(C)CCC2(C(=O)O)CC1O,0
CCN(CC)C[Ge](C)(C)C,0
CCC1CCc2c(sc(NC(=O)Nc3ccc(Cl)cc3)c2C#N)C1,0
Cc1cc(C(N)C2CC2)c(C)cc1OCc1ccccc1,0
C(=NNc1ncnc2[nH]cnc12)c1cccnc1,0
CC(=O)OC(C)Cc1cccc(-c2ccccc2)c1CC(C)OC(C)=O,0
CCN(C(=O)CN(C)c1ccc2ccccc2c1)c1ccccc1,0
O=C(CSc1ncccn1)NC(=O)Nc1ccccc1F,0
CCc1oc2cc(O)ccc2c(=O)c1Oc1cc(C)cc(C)c1,0
COc1ccccc1Cn1c(C)c(C(N)=O)c(-c2ccc(Cl)cc2)c1C,0
CCN(C(=O)Cn1c2ccccc2c(=O)c2ccccc21)c1ccccc1,0
Cc1[nH]c2ccccc2c1C=NNC(=O)CNC(=O)COc1ccccc1,0
O=C(CSc1n[nH]c(-c2ccc(Cl)cc2)[n+]1C1CCCCC1)NN=Cc1cc(Br)ccc1O,0
Cc1cc(C)[nH]c(=NC(=NS(=O)(=O)c2ccc(F)cc2)Nc2cc(Cl)ccc2C(=O)c2ccccc2)n1,0
CCC(C)(C)C(=O)OC1CC(C(=O)O)=CC2=CCC(C)C(CCC3CC(O)CC(=O)O3)C21,0
CC(C)(C)C1COC(=O)C(Cc2ccccc2)CCC=CCC(CC(=O)N(CCO)Cc2ccccc2)C(=O)N1,0
CCN1CCN(c2ccc(NC(=O)CSc3nc(-c4ccccc4)c(-c4ccccc4)o3)cc2)CC1,0
CCCC(=O)Nc1ccc2oc(C)c(CCN(C)Cc3cc(N(C)C)cnn3)c2c1,0
CC12CCC(OC(=O)Nc3ccccc3)CC1=CCC1C2CCC2(C)C(=NOC(=O)Nc3ccccc3)CCC12,0
CCN1C(=O)C(O)(CC(=O)c2ccc(F)cc2)c2ccccc21,0
O=C([O-])c1cccc(NC(=O)c2ccc(C(F)(F)F)cc2)c1,0
CC1=CC(=O)CC2CCCC(=O)C12C,0
C#C[Sn](CCCC)(CCCC)C(C)(C)C,0
CC(NC(=O)OC(C)(C)C)C(=O)NCC(=O)O,0
COc1cccc(CC(=O)OC(C)C(=O)Nc2ccccc2OC)c1,0
CSc1cccc(N2CC(C(=O)OC(C)C(=O)NC(=O)NC(C)C)CC2=O)c1,0
COc1ccc2ccccc2c1C=NNC(=O)CSc1nc2sc3c(c2c(=O)n1-c1ccccc1)CCCC3,0
CCCCCc1ccc(C(=O)OCC)nc1,0
c1ccc(CN2CC3CCCC(C2)N3CCCN2CCOCC2)cc1,0
C=C(CC(C(=O)OCC)C(=O)OCC)[S+]([O-])c1ccccc1,0
COc1cc(C(CN(C)c2ccc(NC(C)=O)cc2)Oc2ccc(NC(C)=O)cc2)ccc1Oc1ccc(NC(C)=O)cc1,0
CC(C)N1C(=O)SC(=Cc2ccc(I)cc2)C1=O,0
O=[N+]([O-])c1ccc(NC(=S)N2CCCC(O)C2)cc1,0
CCc1ccc(C([NH2+]C(C(=O)NC(=O)NC)c2ccccc2)C(C)C)cc1,0
O=C(O)C(O)CCCCCCCCCCCCCC(O)O,0
N=Nc1ccc(C(=O)NC(CCC(=O)NC(CCCN=C(N)N)C(=O)NCC(=O)NC(CC(=O)O)C(=O)NC(Cc2ccccc2)C(=O)NC(CCCCN)C(=O)O)C(=O)NC(CCCNC(=N)N)C(=O)NCC(=O)NC(CC(=O)O)C(=O)NC(Cc2ccccc2)C(=O)NC(CCCCN)C(=O)O)cn1,0
Cc1ccccc1-n1nc(SC(C)C(=O)NCc2ccccc2)sc1=S,0
CCCCOC(=O)C1=C(C)N=C2CCCC(=O)C2C1c1ccccc1,0
COc1cccc(NC(=O)CSc2nc3cccnc3n2C)c1,0
CCc1ccccc1NC(=O)Cc1nnc(SCC(=O)Nc2nnc(C)s2)n1C,0
NCC(O)CC(Cc1ccccc1)C(=O)O,0
COc1cc(C(=O)OC(C)C(=O)Nc2cc(C)ccc2OC)ccc1C,0
CCCCC(Oc1ccc(-c2ccccc2)cc1)C(=O)NC1CC(O)C(O)NC(=O)C2C(O)C(C)CN2C(=O)C(C(C)O)NC(=O)C(C(O)C(O)c2ccc(O)cc2)NC(=O)C2CC(O)CN2C(=O)C(C(C)O)NC1=O,0
[N-]=[N+]=NC(=O)c1sc2cc3c(cc2c1Cl)OCO3,0
CC(NC(=O)COc1ccc(C=NNC(=O)CO)cc1)c1ccccc1,0
O=C(O)C1(O)CC(O)CCO1,0
CS(=O)(=O)N1CCc2c(c(-c3ccc(C(F)(F)F)cc3)nn2CCCN2CCC(c3c(OC(=O)NCCN4CCOCC4)sc4cc(F)ccc34)CC2)C1,0
CCC(C)C(NC(=O)C(CC(C)C)NC(=O)CN)C(=O)NC(CO)C(=O)O,0
Cc1c(C)c(C)[c-](C)c1C,0
Fc1ccc(NC(c2ccc(F)cc2)C2CCN(CC=Cc3ccccc3)CC2)cc1,0
c1ccc(-c2ccc(C3=Nc4ncnn4C(c4ccsc4)C3)cc2)cc1,0
Cc1cc(=O)c(C(=O)Nc2ccc(Cl)cc2)nn1-c1cccc(C(F)(F)F)c1,0
C[Si](C)(C)C[Si](C)(Cl)[Si](C)(Cl)C[Si](C)(C)C,0
CCC(O)(c1ccc(Cl)cc1)P(=O)(OC)OC,0
O=[N+]([O-])c1ccc(-c2nc(-c3ccccc3)sc2-c2ccccc2)cc1,0
CCC(O)CCBr,0
Cc1cccc(N2CCN(CC(=O)N3CCN(Cc4ccccc4F)CC3)CC2)c1C,0
COCCNc1cc(-c2ccccc2)nc(-c2cccnc2)n1,0
O=C1NC(Cn2ccc(=O)[nH]c2=O)C(=O)NC1Cc1c[nH]cn1,0
CCCCCCS(=O)(=O)CCCCC,0
C=CCOc1ccc(C2C(C(=O)c3cc4cccc(OC)c4o3)C(=O)C(=O)N2Cc2ccco2)cc1OCC,0
Oc1[nH]c(O)c2c1CCCC2,0
CCCC[N+](CCCC)(CCCC)CCCC,0
Cc1ccc(C=CC(=O)Nc2ccccc2[N+](=O)[O-])o1,0
Cc1cc(C)cc(-c2nnc(SCC(=O)Nc3ccc4c(c3)CCC4)o2)c1,0
Cc1ccc(C=NNC(=O)c2sccc2OCc2ccc(F)cc2)cc1,0
COc1ccc(C(=O)NC(=S)Nc2cc3nn(-c4ccc(F)cc4)nc3cc2C)cc1Cl,0
COc1ccc(C(=O)c2ccc(C(=O)c3ccc(OC)cc3)cc2)cc1,0
CC1=CCCC(CC(C(=O)O)S(=O)(=O)c2ccccc2)C1=O,0
Cn1nnc(-c2ccc(F)cc2)c1CCC1CC(O)CC(=O)O1,0
O=C(CSc1nc2cc(Cl)ccc2c(=O)n1C1CCCC1)c1ccc(O)cc1O,0
CC(C)CC(=O)N(Cc1ccccc1F)CC1CC(c2ccc3c(c2)OCO3)=NO1,0
NC(CO)C(=O)N1CCCC1C(=O)NC(CS)C(=O)NC(CC(=O)O)C(=O)O,0
CCCNC(=O)c1ccccc1-n1c(O)c2n(c1=O)C(c1ccccc1)c1[nH]c3ccccc3c1C2,0
O=C(OCCOc1ccccc1F)c1c2c(nc3ccccc13)C(=Cc1ccc3c(c1)OCO3)CCC2,0
CSc1cccc(C(=O)Nc2nc3ccc(F)cc3s2)c1,0
CN(C)S(=O)(=O)c1cccc(C(=O)OCc2c(F)c(F)c(F)c(F)c2F)c1,0
Cc1cc(C=NNS(=O)(=O)c2ccc(F)c(Cl)c2)no1,0
COc1ccc(C2c3ccsc3CCN2C(=O)CN(CC(C)C)S(=O)(=O)c2ccc(C)cc2)cc1,0
O=C(O)CC1CCCOC1C(=O)O,0
COc1cc(C=C2C(=O)NC(=O)N(c3ccc(F)cc3)C2=O)ccc1OCc1cccc(F)c1,0
Cc1nn(-c2ccccc2)c(Cl)c1C=C1COc2ccc(Cl)cc2C1=O,0
Cc1cccc(NC(=O)C(CC(=O)[O-])[NH2+]Cc2ccco2)c1,0
C1CCC(n2nnnc2CN2CCCCCC2)CC1,0
CCn1cc(C=C2C(=O)NC(=O)N(C(C)c3ccccc3)C2=O)c2ccccc21,0
COc1cc(C=C2C(=O)NN(c3ccccc3)C2=O)cc(Cl)c1OCc1cccc(C(=O)O)c1,0
COc1ccc(C(OCC(O)C[NH2+]Cc2ccccc2F)c2ccc(OC)cc2)cc1,0
CCCCC1CC2CC1CC2O,0
O=C(Cn1cnc([N+](=O)[O-])n1)NN=CCc1ccccc1,0
COc1ccccc1C(=O)OCC(=O)NCC(N)=O,0
CCn1nccc1CNC(=O)C12CC3CC(C1)CC(n1cnc(Br)n1)(C3)C2,0
COc1cc(NC(=O)C=Cc2ccc(C(C)C)cc2)ccc1NC(=O)C(C)C,0
CCCCC(CC)CNC(=O)C1CCC(=O)N1C1OC(=O)c2ccccc21,0
CCOC(=O)c1cc(-c2ccccc2)c[nH]1,0
CC(=O)N1CN(c2ccccc2)C2(CCN(CCCC(=O)c3ccc(F)cc3)CC2)C1=O,0
Cc1csc(C(=O)c2[nH]c3ccc(Cl)cc3c2CC(=O)[O-])n1,0
O=C(NN=Cc1ccc(Br)c([N+](=O)[O-])c1O)c1ccc(Cl)cc1,0
Cc1cc(I)ccc1NC(=O)CN(C)CC(=O)NC1CC1,0
COc1cc2cc(C(c3nnnn3C(C)(C)C)N(Cc3cccnc3)Cc3ccco3)c(=O)[nH]c2cc1OC,0
CCCCCN(C(=O)C=Cc1ccc([N+](=O)[O-])cc1)C(C)c1nc2ccccc2c(=O)n1-c1ccccc1OC,0
Cc1c(O)[nH]c2ccc(C(=O)COC(=O)Cc3ccc4c(c3)OCCO4)cc12,0
CC(NC(=O)CSc1nnc2ccccn12)c1ccc2c(c1)CCCC2,0
Cc1cc([N+](=O)[O-])c(Cl)cc1NC(=O)CCCCC(=O)Nc1cc(Cl)c([N+](=O)[O-])cc1C,0
C=CCSc1nnc(NC(=O)COc2c(C)cc(C)cc2C)s1,0
CN(Cc1ccc(Cl)s1)CN1C(=O)c2ccccc2C1=O,0
COc1ccc2c(c1)sc(COc1ccc3ccccc3c1)[n+]2C,0
C=CCOC12Oc3ccc(OC(=O)NCc4ccccc4)cc3C3C(CCCCO)C(CCCCO)C=C(C(=NOCc4ccccc4)CC1Sc1ccc(NC(C)=O)cc1)C32,0
O=c1c(C=Nn2cnnc2)coc2ccccc12,0
COc1ccc(CN2C(=O)c3c(O)c4c(n3CC2(C)C)CCN(Cc2ccc(F)cc2)C4=O)cc1OC,0
CNC(CC(C)C)C(=O)NC(C(=O)N(C)C(C)C(=O)NC(C)C(=O)OCc1ccccc1)C(C)C,0
COC(CC1CC(C=O)OC(C)(C)O1)OC,0
CCOC(=O)CNC(=O)NCc1cccc(-c2ccc(C3OC(CSc4nccn4C)C(C)C(c4ccc(CO)cc4)O3)cc2)c1,0
CCCCCC1=C(c2ccc(OC)c(S(=O)(=O)N(C)C)c2)c2cc(S(=O)(=O)N(C)C)c(OC)cc2S1(=O)=O,0
CCCCC(NC(=O)C(Cc1ccccc1)NC(=O)N1CCOCC1)C(=O)NC(CC1CCCCC1)C(O)CC(=O)OC,0
CCC12CCC1OB(C)O2,0
COC1C=COC2(C)Oc3c(C)c(O)c4c(O)c(cc(N(C)C)c4c3C2=O)NC(=O)C(C)=CC=CC(C)C(O)C(C)C(O)C(C)C(OC(C)=O)C1C,0
O=C(Nc1nc(-c2ccc(Cl)c(Cl)c2)cs1)c1cc([N+](=O)[O-])cc([N+](=O)[O-])c1Cl,0
C=CCNC(=S)NN=CC=Cc1ccccc1,0
COC(=O)c1ccc(N=C2SC(=Cc3ccc(C(F)(F)F)cc3)C(=O)N2C)cc1,0
O=c1cc(-c2ccccc2)c2ccc(COc3cc(F)cc(C4CC(O)CCO4)c3)cc2o1,0
CCN(CC)c1cccc(CNCC2(F)CCN(C(=O)c3ccc(F)c(Cl)c3)CC2)n1,0
CCC(C)OC(=O)COc1ccc2c(=O)c(-c3ccc(Cl)cc3)coc2c1,0
CCc1ccc(N2CC(C)C[n+]3c2[nH]c2c3c(=O)n(Cc3ccccc3F)c(=O)n2C)cc1,0
CC(C)P(=[Se])(N=P([Se])(C(C)C)C(C)C)C(C)C,0
COC(=O)C(=NNc1ccccc1)Sc1nnc(-c2ccc(OC)cc2)n1C,0
COC(=O)CCC(C)C1CCC2C3C(O)C(O)C4CC(O)CCC4(C)C3CC(O)C12C,0
C=C(C=C(OC)O[Si](C)(C)C)OC,0
Cc1ccsc1CN(C)C(=O)CCNC(=O)c1ccc(Cl)cc1,0
S=C(Nc1cc2cccnc2c2ncccc12)N1CCC(c2ccccc2)C1,0
COC(=O)C=CC1Oc2cc(Cl)cc(Cl)c2N1C(=O)c1ccc([N+](=O)[O-])cc1,0
Cc1ccc(S(=O)(=O)NC(=O)c2cccnc2)cc1,0
COc1cc(C=NOCC(=O)NC2CCS(=O)(=O)C2)cc(Cl)c1OC,0
CN(C)C1CC(c2ccc(Cl)c(Cl)c2)c2ccccc21,0
N#CC1(Cl)C(=O)OC2([Se]c3ccccc3)CCCCC21,0
[NH3+]c1nonc1-n1nnc(C(=O)NN=Cc2ccc([O-])cc2)c1CSc1ccc(Cl)cc1,0
CC(NC(=O)OCc1ccccc1)C1CCC(NC(=O)OCc2ccccc2)C(OC2C(NC(=O)OCc3ccccc3)CC(O)C(N(C)C(=O)CNC(=O)C(Cn3ccc4ccccc43)NC(=O)OCc3ccccc3)C2O)O1,0
CC(C)=CC(O)C1SCCCS1,0
CCC(C)C(NC(=O)C(NC(=O)C(N)CS)C(C)O)C(=O)NC(CC(C)C)C(=O)O,0
C#CC1(OCC(O)CN2CCOCC2)CCCCC1,0
O=C(Cc1sc(-c2ccc(O)cc2)nc1O)Nc1ccc(OC(F)(F)F)cc1,0
CCN(CC)c1ccc(C(=O)NNC(=O)COC(=O)c2ccc(C)s2)cc1,0
CC=C1c2cc(OC)c(OC)cc2CCN1C(=O)c1cc(OC)c(OC)cc1Br,0
CC(C)OC(=O)c1ccc(N2C(=O)C(=Nc3ccc(C(=O)Oc4ccc([N+](=O)[O-])cc4)cc3)C(Cl)C2=O)cc1,0
Cc1ccc2c(COC(=O)C3(c4ccc(Cl)cc4)CCCC3)cc(=O)oc2c1,0
CC(NC(=O)C(C)(Cc1c[nH]c2ccccc12)NCc1ccc2ccccc2n1)c1ccccc1,0
N=C(N)NCCCC(NC(=O)C(N)Cc1ccc(O)cc1)C(=O)NC(Cc1c[nH]cn1)C(=O)NC(CCCCN)C(=O)O,0
COc1ccccc1N1CCN(CCCCOc2ccc(Cl)cc2)CC1,0
O=C(O)CC(Sc1nc2cccnc2[nH]1)C(=O)c1ccc(Cl)cc1,0
CCCNC(=O)CN(C)C(=S)Nc1ccc(C(C)=O)cc1,0
Cc1nn(Cn2ccc(C(=O)Nc3ccc(S(=O)(=O)N4CCOCC4)cc3)n2)c(C)c1Br,0
CC(Oc1ccccc1Br)C(=O)NN=Cc1cccc(F)c1,0
Cc1cccc(NC(=O)C2C3C=CC(O3)C2C(=O)[O-])c1,0
CCCCC(=O)C1CCCC1=CSc1ccccc1,0
CC(C)(C)[Si](OCC1OC(OC2C(COC(=O)c3ccccc3)OC(OC(=O)c3ccccc3)C(OC(=O)c3ccccc3)C2OC(=O)c2ccccc2)C(OC(=O)c2ccccc2)C(OCc2ccccc2)C1OC(=O)c1ccccc1)(c1ccccc1)c1ccccc1,0
N#CC1C(=N)Oc2c(c(=O)[nH]c3ccccc23)C1c1cccc2ccccc12,0
O=C(C(Sc1ccccc1)c1ccccc1)N1CCN(Cc2nc(=O)c3ccccc3[nH]2)CC1,0
O=C(O)c1ccc([N+](=O)[O-])c(Br)c1C(=O)O,0
CCc1ccc(-c2onc(C)c2N=Nc2ccc(S(=O)(=O)Nc3ccccc3)cc2)cc1,0
O=C(CNCc1ccco1)Nc1ncc(Cc2c(Cl)cccc2Cl)s1,0
CC12CCCC1C1CC3=CCCC(C)(C3=O)C1CC2,0
CC1=NC(C)=C(C(=O)O)C(c2cccc(NC(=S)NC#N)c2)C1C(=O)O,0
Cc1nc2c(SCC(=O)N3CCCCCC3)nnc(-c3ccc(F)cc3)c2s1,0
Cc1ccc(-n2nc(C)c(NC(=O)COC(=O)C3(C)CC3(Cl)Cl)c2C)cc1,0
C=C1CCC2C(C)(C)C(O)CCC2(C)C1CCC1C(=C)CCC2C(C)(C)C(O)CCC12C,0
C(=Cc1nc(C2SCCS2)co1)c1ccccc1,0
COc1ccc(NC(=O)CN2CCC(Cc3ccccc3)CC2)cc1Cl,0
CCCCCCCCN(CCCCCCCC)CCCCCCCC,0
COc1ccc(Cl)cc1N=C(N=c1nc(C)cc(C)[nH]1)NS(=O)(=O)c1ccc(Br)cc1,0
O=C(CNC(=O)c1ccco1)NN=Cc1cc(Br)c(O)c(Br)c1O,0
CCn1c(SCc2cc(=O)oc3cc(C)c(C)cc23)nc2ccccc2c1=O,0
N=C(N=c1[nH]c2cc(Cl)c(S(N)(=O)=O)cc2[nH]1)NCCCCCCN=C(N)N=c1[nH]c2cc(Cl)c(S(N)(=O)=O)cc2[nH]1,0
CCOC(=O)c1csc(-n2cccc2)n1,0
Oc1ccc2ccccc2c1C=NCc1ccc2c(c1)OCO2,0
CC(C(=O)Nc1sc2c(c1C#N)CCCCC2)[NH+]1CCOCC1,0
O=C(CCn1c(O)c2c(c1O)CC=CC2)Nc1ccccc1N1CCOCC1,0
CC(=NNC(=O)CCC(=O)NN=C(C)c1ccccc1)c1ccccc1,0
CC(=O)OCC1OC(OCC#CC#CCOC2OC(COC(C)=O)C(OC(C)=O)C(OC(C)=O)C2OC(C)=O)C(OC(C)=O)C(OC(C)=O)C1OC(C)=O,0
Cc1cc(C)c(S(=O)(=O)Nc2cc3c4c(oc3cc2C)CCC(C(C)(C)C)C4)c(C)c1,0
CCOc1ccccc1C=C1CCn2c1nc1ccc([N+](=O)[O-])cc1c2=O,0
CC12CC(=O)CC(C=O)C1CCC2=O,0
O=C(NCC(c1cccnc1)N1CCN(c2ccccc2F)CC1)C(=O)Nc1ccc([N+](=O)[O-])cc1,0
COc1cc[nH]c1C=C1C(=O)Nc2cccc(Br)c21,0
Cc1cccc(C)c1NC(=O)c1cc(Br)ccc1OCC(C)C,0
Cc1ccc(Sc2ccc(C(=O)NC3CN4CCC3CC4)s2)cn1,0
O=C(Nc1cccc(O)c1)c1cc(S(=O)(=O)N2CCc3ccccc3C2)cs1,0
CCC(=O)OC1Cc2ccccc2C1NS(=O)(=O)c1ccc(C)cc1,0
Cc1nn(CCC#N)c2c1P(=S)(N1CCOCC1)N(C)C(c1ccccc1F)=N2,0
O=C(O)c1ccc(COc2ccccc2[N+](=O)[O-])cc1,0
Cc1cc(=O)c(C(=O)Nc2ccc(F)cc2F)c(-c2cccc(Br)c2)o1,0
O=C([O-])CC([NH2+]Cc1ccco1)C(=O)Nc1ccc2ccccc2c1,0
C=CCN(C)c1nc(NCCO)nc2c1ncn2C(C)C,0
C=CC[N+]1=C(C=CC=C2SC(c3ccccc3)=C(c3ccccc3)N2CC)SC(=CC=C2C=CN(CC)c3ccccc32)C1=O,0
C=CCn1c(SCC(=O)c2ccc(Br)cc2)nnc1C(CC)Nc1cccc(C)c1,0
COc1cc(Br)c(Br)c(C=Nc2cc(C(F)(F)F)ccc2N2CCOCC2)c1O,0
Nc1nc(NCCCCOc2ccccc2)cc(C(F)(F)F)n1,0
Cc1ccc(NC(=O)CN(C)C(=O)COC(=O)c2cc(C)oc2C)cc1,0
CN1CCN(CCn2c(=O)nc(NC(CCC3CCCC3)C(=O)NC(C#N)Cc3cscn3)c3ccccc32)CC1,0
CC(C)CN(CC(=O)N(Cc1cccn1Cc1ccccc1)C1CCCCC1)S(=O)(=O)c1ccc2ccccc2c1,0
CCOc1ccc(-n2c(O)cc([NH2+]C3CCCC3)c2O)cc1,0
O=[PH+](=O)Oc1ccccc1,0
Nc1nc(NCCNc2ccccc2)c([N+](=O)[O-])c(-c2ccco2)n1,0
Cc1c(NC(=O)c2[nH]ncc2Br)c(=O)n(-c2ccccc2)n1C,0
O=C(C(NCc1c[nH]c2ccccc12)C(O)c1ccc(O)c(O)c1)N1CCCC1,0
CCCCCCCCOc1cnc(-c2ccc(CCCCCCCC)cc2)c(Cl)c1,0
Cc1c(CNCc2cccnc2)cnn1C,0
CN(C)c1ccc(C=NNC(=O)c2ccc(Cl)c([N+](=O)[O-])c2)cc1,0
COc1ccc(C(=O)Nc2ccc(NC(=O)C(C)C)nc2)cc1,0
O=C(CCCN1CCN(CC=Cc2ccccc2)CC1)NC1c2ccccc2C=Cc2ccccc21,0
Cc1c(NC(=O)c2cccnc2)cccc1-c1nc2ccccc2o1,0
CCC(CC(=O)CCC(=O)Nc1ccc(C)c(C)c1)=NNC(=O)c1c(O)ccc2ccccc12,0
COc1ccc(C=C2SC(=S)N(CC(=O)Nc3ccc(OC)cc3)C2=O)cc1,0
Cc1ccccc1C(=O)Nc1ccc(N2CCN(C(=O)c3ccccc3C)CC2)cc1,0
O=C1NC(=S)N(c2ccc(Cl)cc2Cl)C(=O)C1=Cc1ccc(Cl)cc1,0
CC(C)c1[nH]c(=O)n(Cc2cccc(C(F)(F)F)c2)c1O,0
COc1ccc(C=NNc2nc(-c3ccc(Sc4ccccc4)cc3)cs2)cc1,0
CCN(C(=O)Cn1cnc2ncccc2c1=O)c1cccc2ccccc12,0
C=CCCCCSc1nc2ccc(NC(=O)CCC(=O)O)cc2s1,0
Cc1cc(C)cc(C)c1,0
C[n+]1c(CC(=O)NN=Cc2ccc(C(=O)O)cc2)[nH]c2ccccc21,0
CCN(CC)c1ccc(N=C2C=C(C(=O)N(C)c3ccc(Oc4ccc(C(C)(C)CC)cc4)cc3)C(=O)c3ccccc32)cc1,0
CC(C)CCOc1ccccc1C(=O)NNC(=O)CCC(=O)Nc1ccc(Cl)cc1Cl,0
CON=CCC(O[Si](C)(C)C)C(COP(=O)(O[Si](C)(C)C)O[Si](C)(C)C)O[Si](C)(C)C,0
CC1(CCc2cccc(Br)c2)N=C(N)c2ccccc2O1,0
CSC(C)(N=[N+]=[N-])C1CCCCC1,0
O=C(Nc1ccc([N+](=O)[O-])cc1[N+](=O)[O-])c1cc(-c2ccccc2)nc2ccccc12,0
O=C(COC(=O)c1ccccc1SCC1CCCO1)c1ccc2c(c1)OCCO2,0
Nc1ccc(Cl)cc1C(=O)OCC(=O)c1c(-c2ccccc2)[nH]c2ccccc12,0
Cc1ccc(S(=O)(=O)N=c2sc3c(C)ccc(C)c3n2C)cc1,0
C[N+]1(C)CCc2ccccc2C1,0
CC(O)C(NC(=O)C(N)CCCCN)C(=O)NC(CCC(N)=O)C(=O)NC(CCC(N)=O)C(=O)O,0
COc1cccc(CNC(=O)c2ccccc2C)c1,0
O=C(O)c1ccc(C=NN=C(C(=O)c2ccccc2)c2ccccc2)cc1,0
O=C(CCn1[nH]c(=O)c2ccccc2c1=O)OC(C(=O)N1CCCC1)c1ccccc1,0
CCCOc1c(OCC(C)=O)cc(C2CCC(c3cccnc3)O2)cc1S(=O)(=O)CCC,0
Fc1ccc2c(c1)CC(CI)O2,0
COc1ccc(-c2nc3cc(C(C)(C)C)ccc3o2)cc1OC,0
O=C(C(=NN=C1C(=O)N(Cc2ccccc2)c2ccccc21)c1ccccc1)c1ccccc1,0
Cc1cc(C)n(-c2nc(Nc3ccccc3)c3ccccc3n2)n1,0
N=C(N)c1ccc(-c2ccc(-c3ccc(C(=N)N)cn3)o2)nc1,0
O=C(O)CN(CCN(CC(=O)O)C(Cc1ccccc1)C(=O)O)CC(=O)O,0
Cc1cc(N2C(=O)c3oc4cc(C)c(C)cc4c(=O)c3C2c2ccncc2)no1,0
CCc1cc(Cl)nnc1Cl,0
C=CCNC(=S)NN=Cc1cc([N+](=O)[O-])c([O-])cc1[O-],0
O=S(=O)(O)c1ccc2c(O)c(N=Nc3ccccn3)ccc2c1,0
O=C(NP(=O)(N1CC1)N1CC1)c1cccc(F)c1,0
CCc1ccc(NC(=O)Cn2nnc3c(O)n(-c4ccc(C(C)C)cc4)c(O)c32)cc1,0
COc1ccc(C2C=C(c3c(OC(C)=O)ccc4ccccc34)NN2C(C)=O)cc1,0
CCCC(Cc1ccccc1C(C)C)(C(=O)c1ccc(N2CCOCC2)cc1)N(C)C,0
O=C(COC(=O)CCN1C(=O)NC2(CCCC2)C1=O)NCc1ccccc1Cl,0
O=C1C(=C2CC(c3ccccc3)C(c3cccs3)N=N2)C(=O)c2ccccc21,0
CCCn1nnnc1COC(=O)c1ccccc1NC(=O)Cc1ccccc1,0
COc1ccc(OC)c2cc3c(cc12)C1OC3C2=C1CCC(OC(=O)c1ccc([N+](=O)[O-])cc1)(C(C)=O)C2,0
C[N+](C)(C)CCC(=O)Nc1cccc2c1C(=O)c1c(NC(=O)CC[N+](C)(C)C)cccc1C2=O,0
CC(N)C(=O)NC(CCC(=O)O)C(=O)NCC(=O)NC(C)C(=O)O,0
COc1ccc(C=CC(=O)Oc2ccc(C#N)cc2)cc1,0
CCn1c(CCCNC(=O)c2ccccc2)nnc1SC(C)C(=O)N1CCCCC1,0
CC(=O)OC1C=C(C(C)C2CC(C)=C(C)C(=O)O2)C2(C)CCC3C(CC4OC45C(O)C=CC(=O)C35C)C12O,0
COc1ccccc1CNC(=O)C1CCN(S(=O)(=O)Cc2ccc(C)cc2)CC1,0
N#CC1(Nc2ccc([N+](=O)[O-])cc2)CCCC1,0
CCOC(=O)C1C(=O)OC(C)(C)C1C(CC)C(=O)c1c(C)cc(C)cc1C,0
NC(=O)c1[nH]c2ccc(CN3CCN(c4ncccn4)CC3)cc2c1Sc1ccccc1,0
[H]C1N2CCC(CC2)C1([H])NC(=O)NC(C)c1ccccc1,0
OCC12CCCC1C1C=CC2O1,0
Cc1ccccc1NC(=O)CN(c1c(C)n(C)n(-c2ccccc2)c1=O)S(=O)(=O)c1ccccc1,0
CN(C)CCCn1ncc2c(c1=O)S(=O)(=O)c1ccccc1N2,0
COC(=O)C1C(C)=Nc2onc(C)c2C1c1ccccc1,0
Oc1oc(O)c2c1C1(SC23C2CC4CC(C2)CC3C4)C2CC3CC(C2)CC1C3,0
CCCCCC(F)C=CC1C(O)CC2OC(=CCCCC(=O)O)CC21,0
C=c1[nH]n(-c2ccc(C)c(C)c2)c(=O)c1=CNc1ccc(S(=O)(=O)[N-]c2ccc(C)cc2)cc1OC,0
CC(=Cc1c([N+](=O)[O-])cc([N+](=O)[O-])cc1[N+](=O)[O-])C(=O)O,0
ClC1=C(Cl)C2(Cl)C3CCC2C2CCCC3C12Cl,0
CC(C)N(C(=O)OC(C)(C(=O)O)c1ccccc1)C(C)C,0
O=C1COCc2cc(Br)ccc21,0
CCC(NCc1ccncc1)(C(N)=O)c1ccccn1,0
O=C(NC1CCCc2ccccc21)c1ccc(CSc2nc[nH]n2)cc1,0
CC(C)OC(=O)CSc1nnc2n1C(C)(C)Cc1ccccc1-2,0
COP(=O)(CCCOc1ccc2c(c1)c(CC(N)=O)cn2Cc1ccccc1)OC,0
CCOc1ccc(-c2cc(C(=O)NCCN3CCOCC3)c3cc(C)ccc3n2)cc1,0
CC1CCCC(C)N1C(=O)CN1C(=O)c2cc(Cl)c(Cl)cc2C1=O,0
CCOc1cc(C=NNC(=O)c2ccccc2Br)ccc1O,0
CC(O[Si](C)(C)C(C)(C)C)C1ON=C2CSCC21,0
CC(=NNS(=O)(=O)c1ccc(C)cc1)c1cc2ccccc2oc1=O,0
CC(C)CCN1CCOCC1,0
CC(=O)SCC(Cc1ccc(NC(=O)C(=O)O)cc1)NC(=O)C(CC(=O)O)NC(=O)CCNC(=O)CBr,0
CCOc1cc(CNCCc2ccccc2)cc(Br)c1OCc1ccc(F)cc1,0
Cn1nnnc1SCC1=C(C(=O)O)N2C(=O)C(NC(=O)C(NC(=O)c3cc4ccccc4oc3=O)c3ccccc3)C2SC1,0
C=CC(N)[Si](CC)(CC)CC,0
COc1ccc(Nc2ccc(C(=O)NN=Cc3ccccc3OC(F)F)cc2S(=O)(=O)C(F)F)cc1,0
CC(C)C(C(=O)[O-])N1C(=O)C(=Cc2ccc(O)c(O)c2)SC1=S,0
C=C(C)CCOCCC,0
CC(C)(C)C12C(C(=O)c3ccccc3)=C(C(=O)c3ccccc3)C(c3ccccc31)c1ccccc12,0
O=c1cc(-c2ccccc2)oc(=O)[nH]1,0
COc1ccccc1NC(=O)Nc1ccc(N2CCC(C)CC2)c(C(=O)NC2CC2)c1,0
O=C(c1ccccc1)c1c(-c2ccccc2)c(-c2ccccc2)n(Nc2ccccc2)c1-c1ccccc1,0
CCOc1ccc2nc(Sc3cc(O)n(-c4ccc(OC)cc4)c3O)nc(C)c2c1,0
CCn1cc(-c2cc(C(=O)Nc3cnn(COc4ccc(C)cc4C)c3)c3ccccc3n2)c(C)n1,0
CCCCCCCCCCCCCCCCOc1ccc(C(=O)N(Cc2cccc[n+]2CC)C(=O)c2ccccc2)cc1OC,0
CC(=O)c1cccc(NC(=O)C(OC(=O)c2ccc(C)cc2O)c2ccccc2)c1,0
CC(C=Cc1ccccc1)CC=CC(C)CC1(C)CC(C)O1,0
CCOc1ccc(CC(=O)NCCSc2c(-c3ccc(Br)cc3)[nH]c3ccccc23)cc1,0
CCN(C)c1cccc(C(=O)O)c1,0
Cc1cc(C)c(-c2cc(C)cc(-c3c(C)cc(C)cc3C)c2N=S=S)c(C)c1,0
COc1cc(C(=O)ON=C2CCCc3c2ccc(OC)c3[N+](=O)[O-])cc(OC)c1OC,0
Cc1cc(O)c(O)cc1C(=O)OCC(O)CNC(C)(C)CNC(=O)C1CCOCC1,0
COc1cc(C=NOCC(=O)Nc2ccc(C)cc2C)ccc1OCC(C)C,0
Cc1ccc(C)c(NCC(=O)Nc2ccc(Br)cc2)c1,0
COCCSc1ccccc1S(=O)(=O)NC(=O)Nc1nc(OC)nc(OC)n1,0
CC(C)Cn1c(SCC(=O)N(C)CC(=O)Nc2ccccc2Cl)nc2ccccc21,0
CC(C)(C)OC(=O)N(OC1CCOC1=O)C(=O)OC(C)(C)C,0
Cc1cn(C2CC(O)C(COP(=O)(O)OC3CC(n4cnc5c(N)ncnc54)OC3COP(=O)(O)OC3CC(n4cnc5c(N)ncnc54)OC3COP(=O)(O)OC3CC(n4ccc(N)nc4=O)OC3COP(=O)(O)OC3CC(n4ccc(N)nc4=O)OC3COP(=O)(Oc3ccccc3)OC3CC(n4ccc(N)nc4=O)OC3COP(=O)(O)OC3CC(n4cnc5c(N)ncnc54)OC3COP(=O)(O)OC3CC(n4ccc(N)nc4=O)OC3COP(=O)(O)OC3CC(n4cnc5c(N)ncnc54)OC3COP(=O)(O)OC3CC(n4cnc5c(=O)[nH]c(N)nc54)OC3CO)O2)c(=O)[nH]c1=O,0
N=c1c(Cc2ccccc2)nc(-c2ccccc2)cn1O,0
COc1ccc2c3c1OC1C(=NNC(N)=S)C=CC4C(C2)N(C)CCC314,0
O=C(Nc1ccccc1SC(F)F)c1ccc(Br)cc1,0
O=C(N=Nc1c(O)[nH]c2c(Br)cc(Br)cc12)c1cncc(Br)c1,0
CCOC(OCC)c1ccccc1Cc1ccncc1F,0
CC(C)NC(=O)CN1C(=O)NC(C)(c2cccc3ccccc23)C1=O,0
COc1ccccc1-c1ccc(=O)n(CC(=O)Nc2cc(Cl)cc(Cl)c2)n1,0
CC1(C)C=C2C(C(=O)C1)C(c1cccc(Cl)c1)C(C#N)C(=N)N2c1cccc(C(F)(F)F)c1,0
COc1ccc(-c2nnc(SCC(=O)NC3CCCCCCC3)n2N)cc1,0
CCC1(CCCn2cc(-c3ccccc3[N+](=O)[O-])cc2C(=O)OC)CC1(Br)Br,0
O=[N+]([O-])c1cc(C2SCCN2S(=O)(=O)c2ccccc2)ccc1Cl,0
CCCCc1ccc(C(=O)NC(C(=O)Nc2nnc(-c3cccc(OC)c3)s2)C(C)C)cc1,0
COc1ccc(N=CCC(=O)c2ccc(F)cc2)c([N+](=O)[O-])c1,0
CCC(=O)Nc1ccc(C(=O)NN=Cc2ccc3c(c2)c2ccccc2n3CC)cc1,0
CCc1nc(NC(CCSC)C(=O)[O-])c2oc3ccccc3c2n1,0
Cc1[nH]c(SCC(=O)Nc2nc3c(s2)CCCC3)nc1Cc1ccccc1,0
CN(C)CCn1c2nc3ccccc3c-2nc2cccnc21,0
Cc1c(Cl)cccc1NC(=S)N1CCN(C(=O)c2ccccc2Cl)CC1,0
CCOC(=O)C(O)C(Nc1ccc(OC)cc1)c1ccccc1,0
c1ccc(-c2cnc(CSc3nnc(C4CCCCC4)o3)o2)cc1,0
CC(Sc1n[nH]c(N)n1)C(=O)NCCc1ccc(F)cc1,0
Cc1c(Br)c(C(=O)NN=Cc2coc3c(Cl)cc(Cl)cc3c2=O)nn1C,0
CCc1ccc(-n2c(O)cc(-c3c(C)[nH]n(-c4nc5ccccc5o4)c3=O)c2O)cc1,0
CC1=CC(C)(C)Nc2ccc3c(c21)C(c1ccc(N(C)C)cc1)Oc1c(F)cc(F)cc1-3,0
CC(=NO)C(=O)NCCC[N+](C)(C)C,0
COc1cc(C=CC(=O)N(CCO)c2c(N)n(Cc3ccccc3)c(=O)[nH]c2=O)ccc1OCC#N,0
CCC(=O)N(CC(=O)N1c2ccccc2-n2cccc2C1c1ccc(F)cc1)C1CC1,0
CC([O-])=CC(=NCCO)c1ccccc1,0
Cc1c(C(=O)NCc2ccco2)oc2c1C(=NNc1ccccc1)CC(C)(C)C2,0
COc1cc(C=NNC(=O)COc2ccc(C)cc2)ccc1OC(=O)c1sc2ccccc2c1Cl,0
COc1ccc(O)c(C2c3ccc4c(O)n(Cc5cccs5)c(O)c4c3Cc3c(O)cc(C)c(O)c32)c1,0
CCOP(=S)(NN=CC=NNP(=S)(OCC)OCC)OCC,0
COc1ccc(Cl)cc1N=C1NC(=O)CC(C(=O)Nc2ccccc2)S1,0
COc1cccc2cc(C(=O)N(Cc3ccccc3)Cc3ccc(F)cc3)c(=O)oc12,0
C=CCOC(=O)C1=CC(c2ccc(C(=O)OC)cc2)C(CCCO)C(OCC)O1,0
C=CC1(C)CC(O[Si](C)(C)C(C)(C)C)C2(C)C(C)CCC3(CCC(=O)C32)C(C)C1=O,0
CCCCn1c(O)c2n(c1=O)C(c1cccc(OCc3ccccc3[N+](=O)[O-])c1)c1[nH]c3ccccc3c1C2,0
COCC(=O)N1CCCc2ccc(NC(=O)c3cc(Br)ccc3Cl)cc21,0
O=C(O)C1CC(=O)N(Cc2ccccc2)C(=Nc2ccc(OC(F)(F)F)cc2)S1,0
CC(C)Sc1nnc(CN)o1,0
COc1ccc(N2C(=O)C(=Nc3cc(C(=O)Nc4ccc(C)cc4C)ccc3C)C(Cl)C2=O)cc1,0
CCCOc1ccc(C(=O)NC(=S)Nc2ccccc2C(=O)NCCOC)cc1Br,0
CCOc1cc(C=C2N=C(c3ccc(Br)cc3)OC2=O)cc(Br)c1OC(=O)CC,0
COc1ccc(C=Nn2[nH]nc(C(=O)N3CCN(c4cccc(Cl)c4)CC3)c2=O)cc1,0
Cc1cc(F)ccc1C1CN(C2CCS(=O)(=O)CC2)CCC1C(=O)N(C)C(C)c1cc(C(F)(F)F)cc(C(F)(F)F)c1,0
O=C(NCC(=O)N(c1cccc(F)c1)C(C(=O)NC1CCCC1)c1cccnc1)c1cccs1,0
O=C(CCCCCC(O)=NO)NCc1ccccc1-c1ccc(C2OC(CN3CCOCC3)CC(c3ccc(CO)cc3)O2)cc1,0
COC1c2cc(Br)ccc2CCC1O,0
COc1cc(O)c2c(c1-c1c(OC)cc(O)c3c1C(=O)c1cc(C)cc(O)c1C3=O)C(=O)c1cc(C)cc(O)c1C2=O,0
CCN1CCN(C(=O)c2nn(C)cc2C(=O)O)CC1,0
CCCCc1ccc(-n2nc3cc(C)c(NC(=O)C(C)(C)Oc4ccc(Cl)cc4)cc3n2)cc1,0
O=C(C=C([O-])c1ccccc1)C(F)(F)C(F)(F)C(F)(F)C(F)(F)C(F)(F)C(F)F,0
Cc1cc[nH+]c(NC(c2cccc(Br)c2)c2ccc3ccc(C)[nH+]c3c2O)c1,0
CC(C)(C)[Si](C)(C)OCC1(CO[Si](C)(C)C(C)(C)C)COc2cc(C#CCO)cc3c(=O)c(C(=O)NCc4ccc(Cl)cc4)cn1c23,0
CCCC[Si](C)(C)Oc1ccc(C(=O)OCC)cc1,0
CCOC(=O)C1=C(C)N=c2sc(=Cc3ccc[nH+]c3)c(=O)n2C1c1c(OC)ccc2ccc(OC)cc12,0
Nc1cc2c(cc1C=NO)OCO2,0
COc1ccc(C(=O)COC(=O)c2ccc(Br)cc2F)cc1Cl,0
Fc1c(F)c(C2(C3[B][B][B][B][B]3)[B][B][B][B][B]2)c(F)c(F)c1C1[B][B][B][B][B][B][B]B2[B]C2(c2ccccc2)[B]1,0
C(#CC([Se]c1ccccc1)[Se]c1ccccc1)Sc1ccccc1,0
COc1cc(C(=O)Oc2ccccc2C=CC(=O)c2ccccc2)cc(OC)c1OC,0
COC(=O)C1=C(C)N=C(C)C(C(=O)OCCN2CCN(C(c3ccccc3)c3ccccc3)CC2)C1c1cccc(Cl)c1Cl,0
CCC1(CCCO)CSc2ccccc2C(c2ccccc2)N1,0
CC(NC(=O)c1ccccc1NC(=O)COC(=O)c1cccc(O)c1)c1ccccc1,0
C=C(C)CCC(=O)C[S+]([O-])c1ccc(C)cc1,0
CC(Cc1ccc(OCC(=O)O)cc1)NS(=O)(=O)c1ccc(Cl)cc1,0
CCOc1ccc(-c2nnc(SC(C)C(=O)NCC(C)C)n2N)cc1,0
CC(=O)c1c(C)ccc2c1CCC2,0
COc1ccc(COC2C(O)C(OCc3ccccc3)C(OP(=O)(Oc3ccccc3)Oc3ccccc3)C(OCc3ccc(OC)cc3)C2O)cc1,0
C=CCOc1ccc(C=NNc2nc3c(c(=O)n(C)c(=O)n3C)n2Cc2ccccc2)cc1,0
O=[N+]([O-])C1=Cc2ccccc2OC1c1ccc(Cl)cc1Cl,0
COC1C2CC3CC(C2)C2(OCCO2)C1C3,0
COc1ccc(C(=O)NN=Cc2c(C)nn(Cc3ccccc3)c2C)cc1OC,0
[CH]1[CH][CH][C](C2([C]3[CH][CH][CH][CH]3)C=Cc3c(c4ccccc4c4ccccc34)O2)[CH]1,0
O=C(CCCn1nc(-c2ccc(F)cc2)ccc1=O)NCc1ccc2c(c1)OCO2,0
COc1ccc(S(=O)(=O)N(C)CC(=O)NCC2CCCO2)cc1C,0
CCCC(C)NC(=O)C(c1cccc(C)c1O)N(C)C(=O)C(CS)NC(=O)OC(C)(C)C,0
O=C1c2ccccc2C(=O)C12OC(C=Cc1ccccc1)c1c2c(O)n(-c2ccc(F)cc2)c1O,0
O=C(C=Cc1ccccc1)Nc1ccccc1C(=O)NCCc1ccccc1,0
CCCCCCNC(=O)C(OC(C)=O)C(OC(C)=O)C(COC(C)=O)OC(C)=O,0
CSC1=NCCN1C(=O)c1cc(C(F)(F)F)cc(C(F)(F)F)c1,0
O=C(CN1C(=O)c2ccccc2S1(=O)=O)Nc1ccc(S(=O)(=O)N2CCCCCC2)cc1,0
COCOc1cc(OCOC)c(C(=O)C2OC2c2ccc(OC)c(OC)c2)c(OCOC)c1,0
COc1ccc(-c2cc(C(=O)Nc3sc4c(c3C(=O)OC(C)C)CCCC4)c3ccccc3n2)c(OC)c1,0
O=C1C(=O)N(c2ccccn2)C(c2cccc([N+](=O)[O-])c2)C1C(=O)c1ccccc1,0
O=C(NNC(=O)c1ccc(F)cc1F)c1ccc(COc2ccccc2)cc1,0
CCOC(=O)N1CCN(C(=O)CSCC(=O)N=c2sc3cc(C(=O)OC)ccc3n2CC(=O)OC)CC1,0
COc1cccc2cc(C(=O)C3C(=O)C(=O)N(CC[NH+](C)C)C3c3cccc(Cl)c3)oc12,0
CC1(C(=O)N2CCOCC2)Cc2ccccc2C(=O)O1,0
CC(Cl)C(=O)N(C)c1cc2ccc1CCc1ccc(cc1)CC2,0
C(=Nn1c(-c2ccc3c(c2)OCCO3)csc1=NC1CC1)c1ccccn1,0
Cc1c(C#N)c(O)n(C(C)c2ccccc2)c(=O)c1C(=O)c1ccccc1Cl,0
COc1cc2nc(SCC(=O)N(C(C)C)C(C)C)n(CCC3=CCCCC3)c(=O)c2cc1OC,0
CC(C)CC(N)C(=O)NC(Cc1c[nH]c2ccccc12)C(=O)NC(C(=O)NC(CC(N)=O)C(=O)O)C(C)O,0
Cc1ccc(C(=O)C2C(=O)C(=O)N(Cc3cccnc3)C2c2ccc(Cl)cc2Cl)cc1,0
CCC(C)C(NC(=O)CSc1ccccc1F)C(=O)OC,0
O=C(O)c1cc(NCc2ccc(F)cc2)ccc1N1CCOCC1,0
[H]C([H])([H])C([H])([H])CCCC(=O)CCO,0
O=C(Cn1c(O)c2n(c1=O)CCC2)Nc1ccccc1Oc1ccccc1,0
O=C(c1ccccc1)C1CC=C(P(=O)(c2ccccc2)c2ccccc2)CC1c1ccccc1,0
Cc1ccc2nc(NC(=O)c3ccc(COc4ccccc4Br)o3)sc2c1,0
Cc1cccc(C(=O)Nc2ncccn2)c1[N+](=O)[O-],0
O=C1c2c(Cl)c(Cl)c(Cl)c(Cl)c2C(=O)C1c1ccc2cc([N+](=O)[O-])ccc2n1,0
CCOC(=O)C(C(=O)OCC)c1ncnc(N)c1N,0
CCCCC(=CC(=Cc1cccnc1)C1CCN(C(=O)N(c2ccccc2)c2ccccc2)CC1)C(=O)O,0
CCCCCCC=CCCCCCCCCOC(CN(C)CCO)OCCCCCCCCC=CCCCCCC,0
COc1ccc(C2CC([C]3[CH][CH][CH]C3)=Nc3nncn32)cc1,0
O=C(F)c1ccc(Sc2ccc(-c3ccccc3)cc2)cc1,0
COc1c(C)cc(I)c(I)c1C,0
COc1ccc(CC(=O)N2CC3CC(C2)c2ccc(NC(=O)Nc4ccccc4)c(=O)n2C3)cc1,0
O=C(O)c1cc(O)c2c(c1)CCC2,0
[c-]1cccc(-c2cncnc2)c1,0
Cc1ccccc1S(=O)(=O)NC(=O)N1CCC(N2CCC(Oc3ccc(Cl)cc3Cl)CC2)CC1,0
C#CCN(C(=O)C(C)c1ccc(Cl)cc1)S(=O)(=O)c1c(C)noc1C,0
O=C(Cn1nnc(-c2ccc(F)cc2)n1)NN=Cc1ccc(OCc2ccccc2F)cc1,0
O=C(CCl)Nc1ccc(Cl)c([N+](=O)[O-])c1,0
CN(C)C(=O)CSc1ccccc1C(=O)N1CC[NH+](Cc2ccsc2)CC1,0
Cc1ccccc1COc1ccc(-c2nc(N)ncc2-c2ccc(Cl)cc2)c(O)c1,0
CCc1cc(CC)n(-c2nc3c(c(=O)n(C)c(=O)n3C)n2Cc2ccccc2C)n1,0
CCOC(=O)C1=c2oc(=O)c(=Cc3ccc(F)cc3)n2-c2oc(N)nc2C1c1ccc(F)cc1,0
O=C(COC(=O)c1cccc2ccccc12)Nc1cccc([N+](=O)[O-])c1,0
C#CCC1(C2CCCC2)CC(=O)C(Sc2ccccc2)C(=O)O1,0
CCOC(=O)C(C#N)=NNc1ccccc1C(=O)O,0
O=C(Cn1cnc2ccccc21)NN=CC1CCCCC1,0
COc1ccc(-c2nnc(SCC(=O)Nc3c(C)cc(I)cc3C)o2)cc1,0
COc1ccc(CCN(Cc2sccc2C)C(=O)CN(CCN2CCCC2)C(=O)c2ccc(Br)cc2)cc1OC,0
Cc1ccc(C(=O)NN=Cc2ccc(Cl)s2)o1,0
Cc1ccccc2c(S(=O)(=O)O)c(C(C)C)c(C)c1-2,0
C=CCn1nnnc1SCC1=C(C(=O)O)N2C(=O)C(=NC(=O)C(NOCC(F)(F)F)c3nsc(N)n3)C2SC1,0
NNC(=O)COc1ccc2c(c1)OC(=Cc1ccccc1)C2=O,0
CC(C)CN1C(=O)C(=O)N(CC(=O)NC(Cc2ccccc2)c2ccccc2)C1=O,0
CC1CC[N+](C)(CCC(=O)Nc2ccc3c(c2)C(=O)c2cc(NC(=O)CC[N+]4(C)CCC(C)CC4)ccc2-3)CC1,0
O=C(O)C(CCCC=Cc1cccnc1)(c1ccccc1)c1ncco1,0
COc1ccc(S(=O)(=O)N2CCN(C(=O)CN3CC(C)OC(C)C3)CC2)cc1,0
COc1ccc(Cn2nnnc2SCC(=O)N(C2CCCCC2)C2CCS(=O)(=O)C2)cc1,0
O=C(C[N+]12CC[N+](CC(=O)Nc3cccc(C(F)(F)F)c3)(CC1)CC2)Nc1cccc(C(F)(F)F)c1,0
COc1ccc2[nH]cc(CC(=O)Nc3cc(C4CC4)[nH]n3)c2c1,0
Cc1c(CCN)ccc2c1[nH]c1ccccc12,0
O=C1CC(c2nc3ccccc3[nH]2)CN1c1cccc2ccccc12,0
O=C(C[NH+]1CCN(S(=O)(=O)N2CCCCC2)CC1)Nc1ccc(Br)cc1,0
COc1cc(C(=O)N=NC(=O)CCc2sccc2C)ccc1OC(C)C,0
Cc1ccc(-c2ccc3c(N)c(C(=O)Nc4ccc5c(c4)OCO5)sc3n2)cc1,0
CC(C)(C)c1ccc(C(=O)N2CCC3(CC2)NC(C(=O)NCc2ccc4c(c2)OCO4)CS3)cc1,0
Cc1cn(C2OC(COP(=O)(O)OP(=O)(O)OP(=O)(O)O)C(O)C2(C)O)c2ncnc(N)c12,0
CCc1ccccc1NC(C)c1nnc(SC(C)C(=O)Nc2ccccc2)n1CC,0
Cn1c(=O)c2c(O)c(C=NOCCOc3cccc(C(F)(F)F)c3)oc2n(C)c1=O,0
CC(n1ncnn1)C(O)(Cn1ccnc1)c1ccc(F)cc1F,0
CC(=O)OC1C(C)OC(OC(C)(C)C)C(F)C1OC(C)=O,0
CC1=NC(C)=C(C(=O)OCCc2ccccc2)C(c2cccc([N+](=O)[O-])c2)C1C(=O)OCCc1ccccc1,0
O=C(COc1ccccc1)Nc1ccc(N2CCN(Cc3ccccc3F)CC2)cc1,0
Oc1cc([NH2+]Cc2ccncc2)c(O)n1-c1cccc(Cl)c1,0
O=C(c1cc(Cl)cc(OCCNc2ccncc2)c1)N(CCOCC(O)CO)c1ccccc1,0
CCC(CNC(=O)CCC(=O)N(c1ccccc1)c1ccc(C(=N)N)cc1)(C(=O)O)c1ncc[nH]1,0
CCOC(=O)c1cc(-c2ccccc2)sc1NC(=S)Nc1cc(C)ccn1,0
CC1=NN(c2ccc(C(=O)O)cc2)C(=O)C1=Cc1ccc(OCC(=O)O)cc1,0
CC(=O)Nc1cccc(C(=O)Nc2ccccc2N)c1,0
CC=C1CNC2Cc3c([nH]c4ccccc34)C(c3cc4c5c([nH]c4cc3OC)C3(C(=O)OC)CC4CC(CC)C3N(CC5)C4)CC1C2C(=O)OC,0
CC(=O)NC(=S)NNC(=O)COc1ccc(Cl)cc1Br,0
CCCCCCCCC1(CCCCCCCC)c2cc(C=Cc3ccc(-c4ccccc4)cc3)ccc2-c2ccc(B3OC(C)(C)C(C)(C)O3)cc21,0
Cc1noc2cc(OCC(=O)NN3C(=O)CSC3c3ccccc3Cl)ccc12,0
CC(C)N1CCC(C=CC(=O)Nc2c(C(=O)Nc3ccc(Cl)cn3)oc3ccccc23)CC1,0
CCOC(=O)C=C(CCc1ccccc1)C(=O)OCC,0
O=c1c2ccccc2[nH]c2ccc(Oc3ccc(C(F)(F)F)cc3[N+](=O)[O-])cc12,0
CCCN1C(C(=O)N2CCOCC2)=C(OCC)c2ccccc2S1(=O)=O,0
COc1ccc(CCNC(=O)CC(c2ccccc2)c2ccccc2)cc1OC,0
CCOc1ccc(C(=O)Nc2c(C(=O)Nc3ccc([N+](=O)[O-])cc3)oc3ccccc23)cc1,0
C(=NNc1nc2ccccc2s1)c1ccc(-c2ccccc2)cc1,0
O=C(O)CNc1ccc2c(=O)n3c(nc2c1)C(=Cc1ccccc1)CC3,0
COc1cccc(C23CCN(C(=O)C4CCC4)CC2CCOC3)c1,0
CCOC(C)=O,0
[CH2-]c1c(C)c(C)c(C)c(C)c1C(C)=[C-]C(=O)N=C(N)N,0
COc1ccccc1CNC(=O)CCc1nnc2n(C)c(=O)c3sccc3n12,0
Cc1ccc(CN(CC(C)N2CCN(C)CC2)C(=O)COc2ccc(C)cc2)cc1,0
CS(=O)(=O)Nc1ccc(NS(C)(=O)=O)c(Cl)c1Cl,0
[H]C([H])([H])C(=O)C([H])([H])C(O)c1ccc([N+](=O)[O-])cc1,0
COc1ccc(NC(=O)C2CC(C(C)O)[NH2+]C23C(=O)Nc2ccc(C)cc23)cc1,0
Oc1cc(N2CCC(n3nnc(-c4cccs4)n3)CC2)c(O)n1-c1ccc2ccccc2c1,0
C=CCCC(Cl)=NCC=C,0
CC(=O)c1ccc(NC(=O)C(C)N2CC(C)CC(C)C2)cc1,0
CC(C)(C)N(O)C([Ge]c1ccccc1)c1ccccc1,0
Cc1cc(C)n(-c2nc3c(c(=O)n(Cc4ccc(Cl)cc4Cl)c(=O)n3C)n2CC(C)C)n1,0
CC1(C)CC(=O)C2C(=Nc3ccccc3NC2c2ccc(C(F)(F)F)cc2)C1,0
N=C1N=C(N)NC(=O)C1(CCO)CCO,0
Oc1c2c(c(O)n1CCC(OCC1CCCCC1)N1CCN(c3ccccn3)CC1)C1C=CC2C1,0
O=C(c1ccc(-n2cc(-c3ccncn3)cn2)cc1)N1CCN(Cc2ccccc2)CC1,0
CCCCCCCCCCCCCCCCCCOCC(CS(=O)(=O)CCOCCO)Oc1ncccn1,0
COC(=O)c1ccc(OCc2ccc(C(=O)Nc3ccccc3C#N)o2)cc1,0
CCCCC1CCC(C(=O)Nc2scc(-c3ccc(CC)cc3)c2C(=O)OC)CC1,0
CC1(NC(=O)CSc2nc3cc(Cl)ccc3[nH]2)CCS(=O)(=O)C1,0
COc1ccc2c(C)c(CCC(=O)Nc3cccc(C(C)=O)c3)c(=O)oc2c1C,0
COc1ccc(CN2C(=O)NC(=O)C(=Cc3cnn(-c4ccccc4)c3)C2=O)cc1,0
COC1OC(C)C(NC2OC(CO)C(O)C(O)C2O)C(O)C1O,0
CC(=O)Nc1ccc(NC(=O)c2ccn(COc3ccc(Cl)cc3)n2)cc1,0
Cc1ccc(N2C(=O)C(Cc3ccccc3Cl)SC2=C(C#N)C(=O)Nc2ccccc2)cc1,0
COC(=O)C(OC(C)=O)c1cc2ccccc2n1C,0
Cc1cc2c(c(CC3(c4ccccc4)CCCCN3N)c1)OC(C)(C)C2,0
ClCc1ccc(OCc2ccccc2COc2ccc(CCl)cc2)cc1,0
O=C(NN=Cc1cccc(OC2CSC2)c1)C1COc2ccccc2O1,0
CCCCC1COC(=O)N1C1CCN(C(=O)CSc2nccc(-c3ccccn3)n2)CC1,0
CCCCn1c(C)c(C(=O)OCC)c2cc(OCc3ccc(C(=O)NN)o3)ccc21,0
CC1(C)N([O-])c2cc(C3OCCO3)ccc2[N+]1=O,0
C=CC(C=C)C(O)c1ccco1,0
CCN(CC)C(=O)COC(=O)C1CCCN1C(=O)Oc1cc2c(cc1Cl)CCN(C)CC2c1cccc2c1OCC2,0
COc1cc(C=NNC(=O)C(C)Nc2ccc3ccccc3c2)ccc1O,0
CCN(CC)S(=O)(=O)c1ccc(N=Nc2cc([N+](=O)[O-])c3cccnc3c2O)cc1,0
CC(Nc1nc(-c2ccc(S(=O)(=O)N3CCCC3)cc2)cs1)c1ccccc1,0
CCCCN=Cc1c(N)n2c(nc1=O)OCC2,0
CC(C)(C)c1ccc(NC(=O)CCc2ncc(-c3ccccc3F)o2)cc1,0
NC1=NC(c2ccc(OC(F)F)cc2)n2c(nc3ccccc32)N1,0
O=C(O)CCCC(=O)NCc1cccc(-c2cccc(C3OC(CN4CCC(O)(c5ccc(Cl)cc5)CC4)CC(c4ccc(CO)cc4)O3)c2)c1,0
CC(C(=O)NC(=O)NC12CC3CC(CC(C3)C1)C2)N(C)CC(=O)Nc1ccc(F)cc1,0
CC(NCC(=O)Nc1cccc(Cl)c1)c1ccco1,0
